1	634.9282051	2260.861538
2	634.9410256	2255.107692
3	634.9538462	2249.353846
4	634.9666667	2243.6
5	634.9794872	2237.846154
6	634.9923077	2232.092308
7	635.0051282	2226.338462
8	635.0179487	2220.584615
9	635.0307692	2214.830769
10	635.0435897	2209.076923
11	635.0564103	2203.323077
12	635.0692308	2197.569231
13	635.0820513	2191.815385
14	635.0948718	2186.061538
15	635.1076923	2180.307692
16	635.1205128	2174.553846
17	635.1333333	2168.8
18	635.1461538	2163.046154
19	635.1589744	2157.292308
20	635.1717949	2151.538462
21	635.1846154	2145.784615
22	635.1974359	2140.030769
23	635.2102564	2134.276923
24	635.2230769	2128.523077
25	635.2358974	2122.769231
26	635.2487179	2117.015385
27	635.2615385	2111.261538
28	635.274359	2105.507692
29	635.2871795	2099.753846
30	635.3	2094
31	635.3128205	2088.246154
32	635.325641	2082.492308
33	635.3384615	2076.738462
34	635.3512821	2070.984615
35	635.3641026	2065.230769
36	635.3769231	2059.476923
37	635.3897436	2053.723077
38	635.4025641	2047.969231
39	635.4153846	2042.215385
40	635.4025641	2047.969231
41	635.4153846	2042.215385
42	635.4282051	2036.461538
43	635.4410256	2030.707692
44	635.4538462	2024.953846
45	635.4666667	2019.2
46	635.4794872	2013.446154
47	635.4923077	2007.692308
48	635.5051282	2001.938462
49	635.5179487	1996.184615
50	635.5307692	1990.430769
51	635.5435897	1984.676923
52	635.5564103	1978.923077
53	635.5692308	1973.169231
54	635.5820513	1967.415385
55	635.5948718	1961.661538
56	635.6076923	1955.907692
57	635.6205128	1950.153846
58	635.6333333	1944.4
59	635.6461538	1938.646154
60	635.6589744	1932.892308
61	635.6717949	1927.138462
62	635.6846154	1921.384615
63	635.6974359	1915.630769
64	635.7102564	1909.876923
65	635.7230769	1904.123077
66	635.7358974	1898.369231
67	635.7487179	1892.615385
68	635.7615385	1886.861538
69	635.774359	1881.107692
70	635.7871795	1875.353846
71	635.8	1869.6
72	635.8128205	1863.846154
73	635.825641	1858.092308
74	635.8384615	1852.338462
75	635.8512821	1846.584615
76	635.8641026	1840.830769
77	635.8769231	1835.076923
78	635.8897436	1829.323077
79	635.9025641	1823.569231
80	635.8897436	1829.323077
81	635.9025641	1823.569231
82	635.9153846	1817.815385
83	635.9282051	1812.061538
84	635.9410256	1806.307692
85	635.9538462	1800.553846
86	635.9666667	1794.8
87	635.9794872	1789.046154
88	635.9923077	1783.292308
89	636.0051282	1777.538462
90	636.0179487	1771.784615
91	636.0307692	1766.030769
92	636.0435897	1760.276923
93	636.0564103	1754.523077
94	636.0692308	1748.769231
95	636.0820513	1743.015385
96	636.0948718	1737.261538
97	636.1076923	1731.507692
98	636.1205128	1725.753846
99	636.1333333	1720
100	636.1461538	1714.246154
101	636.1589744	1708.492308
102	636.1717949	1702.738462
103	636.1846154	1696.984615
104	636.1974359	1691.230769
105	636.2102564	1685.476923
106	636.2230769	1679.723077
107	636.2358974	1673.969231
108	636.2487179	1668.215385
109	636.2615385	1662.461538
110	636.274359	1656.707692
111	636.2871795	1650.953846
112	636.3	1645.2
113	636.3128205	1639.446154
114	636.325641	1633.692308
115	636.3384615	1627.938462
116	636.3512821	1622.184615
117	636.3641026	1616.430769
118	636.3769231	1610.676923
119	636.3897436	1604.923077
120	636.3769231	1610.676923
121	636.3897436	1604.923077
122	636.4025641	1599.169231
123	636.4153846	1593.415385
124	636.4282051	1587.661538
125	636.4410256	1581.907692
126	636.4538462	1576.153846
127	636.4666667	1570.4
128	636.4794872	1564.646154
129	636.4923077	1558.892308
130	636.5051282	1553.138462
131	636.5179487	1547.384615
132	636.5307692	1541.630769
133	636.5435897	1535.876923
134	636.5564103	1530.123077
135	636.5692308	1524.369231
136	636.5820513	1518.615385
137	636.5948718	1512.861538
138	636.6076923	1507.107692
139	636.6205128	1501.353846
140	636.6333333	1495.6
141	636.6461538	1489.846154
142	636.6589744	1484.092308
143	636.6717949	1478.338462
144	636.6846154	1472.584615
145	636.6974359	1466.830769
146	636.7102564	1461.076923
147	636.7230769	1455.323077
148	636.7358974	1449.569231
149	636.7487179	1443.815385
150	636.7615385	1438.061538
151	636.774359	1432.307692
152	636.7871795	1426.553846
153	636.8	1420.8
154	636.8128205	1415.046154
155	636.825641	1409.292308
156	636.8384615	1403.538462
157	636.8512821	1397.784615
158	636.8641026	1392.030769
159	636.8769231	1386.276923
160	636.8641026	1392.030769
161	636.8769231	1386.276923
162	636.8897436	1380.523077
163	636.9025641	1374.769231
164	636.9153846	1369.015385
165	636.9282051	1363.261538
166	636.9410256	1357.507692
167	636.9538462	1351.753846
168	636.9666667	1346
169	636.9794872	1340.246154
170	636.9923077	1334.492308
171	637.0051282	1328.738462
172	637.0179487	1322.984615
173	637.0307692	1317.230769
174	637.0435897	1311.476923
175	637.0564103	1305.723077
176	637.0692308	1299.969231
177	637.0820513	1294.215385
178	637.0948718	1288.461538
179	637.1076923	1282.707692
180	637.1205128	1276.953846
181	637.1333333	1271.2
182	637.1461538	1265.446154
183	637.1589744	1259.692308
184	637.1717949	1253.938462
185	637.1846154	1248.184615
186	637.1974359	1242.430769
187	637.2102564	1236.676923
188	637.2230769	1230.923077
189	637.2358974	1225.169231
190	637.2487179	1219.415385
191	637.2615385	1213.661538
192	637.274359	1207.907692
193	637.2871795	1202.153846
194	637.3	1196.4
195	637.3128205	1190.646154
196	637.325641	1184.892308
197	637.3384615	1179.138462
198	637.3512821	1173.384615
199	637.3641026	1167.630769
200	637.3512821	1173.384615
201	637.3641026	1167.630769
202	637.3769231	1161.876923
203	637.3897436	1156.123077
204	637.4025641	1150.369231
205	637.4153846	1144.615385
206	637.4282051	1138.861538
207	637.4410256	1133.107692
208	637.4538462	1127.353846
209	637.4666667	1121.6
210	637.4794872	1115.846154
211	637.4923077	1110.092308
212	637.5051282	1104.338462
213	637.5179487	1098.584615
214	637.5307692	1092.830769
215	637.5435897	1087.076923
216	637.5564103	1081.323077
217	637.5692308	1075.569231
218	637.5820513	1069.815385
219	637.5948718	1064.061538
220	637.6076923	1058.307692
221	637.6205128	1052.553846
222	637.6333333	1046.8
223	637.6461538	1041.046154
224	637.6589744	1035.292308
225	637.6717949	1029.538462
226	637.6846154	1023.784615
227	637.6974359	1018.030769
228	637.7102564	1012.276923
229	637.7230769	1006.523077
230	637.7358974	1000.769231
231	637.7487179	995.0153846
232	637.7615385	989.2615385
233	637.774359	983.5076923
234	637.7871795	977.7538462
235	637.8	972
236	637.8128205	966.2461538
237	637.825641	960.4923077
238	637.8384615	954.7384615
239	637.8512821	948.9846154
240	637.8384615	954.7384615
241	637.8512821	948.9846154
242	637.8641026	943.2307692
243	637.8769231	937.4769231
244	637.8897436	931.7230769
245	637.9025641	925.9692308
246	637.9153846	920.2153846
247	637.9282051	914.4615385
248	637.9410256	908.7076923
249	637.9538462	902.9538462
250	637.9666667	897.2
251	637.9794872	891.4461538
252	637.9923077	885.6923077
253	638.0051282	879.9384615
254	638.0179487	874.1846154
255	638.0307692	868.4307692
256	638.0435897	862.6769231
257	638.0564103	856.9230769
258	638.0692308	851.1692308
259	638.0820513	845.4153846
260	638.0948718	839.6615385
261	638.1076923	833.9076923
262	638.1205128	828.1538462
263	638.1333333	822.4
264	638.1461538	816.6461538
265	638.1589744	810.8923077
266	638.1717949	805.1384615
267	638.1846154	799.3846154
268	638.1974359	793.6307692
269	638.2102564	787.8769231
270	638.2230769	782.1230769
271	638.2358974	776.3692308
272	638.2487179	770.6153846
273	638.2615385	764.8615385
274	638.274359	759.1076923
275	638.2871795	753.3538462
276	638.3	747.6
277	638.3128205	741.8461538
278	638.325641	736.0923077
279	638.3384615	730.3384615
280	638.325641	736.0923077
281	638.3384615	730.3384615
282	638.3512821	724.5846154
283	638.3641026	718.8307692
284	638.3769231	713.0769231
285	638.3897436	707.3230769
286	638.4025641	701.5692308
287	638.4153846	695.8153846
288	638.4282051	690.0615385
289	638.4410256	684.3076923
290	638.4538462	678.5538462
291	638.4666667	672.8
292	638.4794872	667.0461538
293	638.4923077	661.2923077
294	638.5051282	655.5384615
295	638.5179487	649.7846154
296	638.5307692	644.0307692
297	638.5435897	638.2769231
298	638.5564103	632.5230769
299	638.5692308	626.7692308
300	638.5820513	621.0153846
301	638.5948718	615.2615385
302	638.6076923	609.5076923
303	638.6205128	603.7538462
304	638.6333333	598
305	638.6461538	592.2461538
306	638.6589744	586.4923077
307	638.6717949	580.7384615
308	638.6846154	574.9846154
309	638.6974359	569.2307692
310	638.7102564	563.4769231
311	638.7230769	557.7230769
312	638.7358974	551.9692308
313	638.7487179	546.2153846
314	638.7615385	540.4615385
315	638.774359	534.7076923
316	638.7871795	528.9538462
317	638.8	523.2
318	638.8128205	517.4461538
319	638.825641	511.6923077
320	638.8128205	517.4461538
321	638.825641	511.6923077
322	638.8384615	505.9384615
323	638.8512821	500.1846154
324	638.8641026	494.4307692
325	638.8769231	488.6769231
326	638.8897436	482.9230769
327	638.9025641	477.1692308
328	638.9153846	471.4153846
329	638.9282051	465.6615385
330	638.9410256	459.9076923
331	638.9538462	454.1538462
332	638.9666667	448.4
333	638.9794872	442.6461538
334	638.9923077	436.8923077
335	639.0051282	431.1384615
336	639.0179487	425.3846154
337	639.0307692	419.6307692
338	639.0435897	413.8769231
339	639.0564103	408.1230769
340	639.0692308	402.3692308
341	639.0820513	396.6153846
342	639.0948718	390.8615385
343	639.1076923	385.1076923
344	639.1205128	379.3538462
345	639.1333333	373.6
346	639.1461538	367.8461538
347	639.1589744	362.0923077
348	639.1717949	356.3384615
349	639.1846154	350.5846154
350	639.1974359	344.8307692
351	639.2102564	339.0769231
352	639.2230769	333.3230769
353	639.2358974	327.5692308
354	639.2487179	321.8153846
355	639.2615385	316.0615385
356	639.274359	310.3076923
357	639.2871795	304.5538462
358	639.3	298.8
359	639.3128205	293.0461538
360	639.3	298.8
361	639.3128205	293.0461538
362	639.325641	287.2923077
363	639.3384615	281.5384615
364	639.3512821	275.7846154
365	639.3641026	270.0307692
366	639.3769231	264.2769231
367	639.3897436	258.5230769
368	639.4025641	252.7692308
369	639.4153846	247.0153846
370	639.4282051	241.2615385
371	639.4410256	235.5076923
372	639.4538462	229.7538462
373	639.4666667	224
374	639.4794872	218.2461538
375	639.4923077	212.4923077
376	639.5051282	206.7384615
377	639.5179487	200.9846154
378	639.5307692	195.2307692
379	639.5435897	189.4769231
380	639.5564103	183.7230769
381	639.5692308	177.9692308
382	639.5820513	172.2153846
383	639.5948718	166.4615385
384	639.6076923	160.7076923
385	639.6205128	154.9538462
386	639.6333333	149.2
387	639.6461538	143.4461538
388	639.6589744	137.6923077
389	639.6717949	131.9384615
390	639.6846154	126.1846154
391	639.6974359	120.4307692
392	639.7102564	114.6769231
393	639.7230769	108.9230769
394	639.7358974	103.1692308
395	639.7487179	97.41538462
396	639.7615385	91.66153846
397	639.774359	85.90769231
398	639.7871795	80.15384615
399	639.8	74.4
400	640.5	67.7
401	648.4782609	67.65652174
402	656.4565217	67.61304348
403	664.4347826	67.56956522
404	672.4130435	67.52608696
405	680.3913043	67.4826087
406	688.3695652	67.43913043
407	696.3478261	67.39565217
408	704.326087	67.35217391
409	712.3043478	67.30869565
410	720.2826087	67.26521739
411	728.2608696	67.22173913
412	736.2391304	67.17826087
413	744.2173913	67.13478261
414	752.1956522	67.09130435
415	760.173913	67.04782609
416	768.1521739	67.00434783
417	776.1304348	66.96086957
418	784.1086957	66.9173913
419	792.0869565	66.87391304
420	800.0652174	66.83043478
421	808.0434783	66.78695652
422	816.0217391	66.74347826
423	824	66.7
424	831.9791908	66.68612717
425	839.9583815	66.67225434
426	847.9375723	66.6583815
427	855.916763	66.64450867
428	863.8959538	66.63063584
429	871.8751445	66.61676301
430	879.8543353	66.60289017
431	887.833526	66.58901734
432	895.8127168	66.57514451
433	903.7919075	66.56127168
434	911.7710983	66.54739884
435	919.750289	66.53352601
436	927.7294798	66.51965318
437	935.7086705	66.50578035
438	943.6878613	66.49190751
439	951.667052	66.47803468
440	959.6462428	66.46416185
441	967.6254335	66.45028902
442	975.6046243	66.43641618
443	983.583815	66.42254335
444	991.5630058	66.40867052
445	999.5421965	66.39479769
446	1007.521387	66.38092486
447	1015.500578	66.36705202
448	1023.479769	66.35317919
449	1031.45896	66.33930636
450	1039.43815	66.32543353
451	1047.417341	66.31156069
452	1055.396532	66.29768786
453	1063.375723	66.28381503
454	1071.354913	66.2699422
455	1079.334104	66.25606936
456	1087.313295	66.24219653
457	1095.292486	66.2283237
458	1103.271676	66.21445087
459	1111.250867	66.20057803
460	1119.230058	66.1867052
461	1127.209249	66.17283237
462	1135.188439	66.15895954
463	1143.16763	66.14508671
464	1151.146821	66.13121387
465	1159.126012	66.11734104
466	1167.105202	66.10346821
467	1175.084393	66.08959538
468	1183.063584	66.07572254
469	1191.042775	66.06184971
470	1199.021965	66.04797688
471	1207.001156	66.03410405
472	1214.980347	66.02023121
473	1222.959538	66.00635838
474	1230.938728	65.99248555
475	1238.917919	65.97861272
476	1246.89711	65.96473988
477	1254.876301	65.95086705
478	1262.855491	65.93699422
479	1270.834682	65.92312139
480	1278.813873	65.90924855
481	1286.793064	65.89537572
482	1294.772254	65.88150289
483	1302.751445	65.86763006
484	1310.730636	65.85375723
485	1318.709827	65.83988439
486	1326.689017	65.82601156
487	1334.668208	65.81213873
488	1342.647399	65.7982659
489	1350.62659	65.78439306
490	1358.60578	65.77052023
491	1366.584971	65.7566474
492	1374.564162	65.74277457
493	1382.543353	65.72890173
494	1390.522543	65.7150289
495	1398.501734	65.70115607
496	1406.480925	65.68728324
497	1414.460116	65.6734104
498	1422.439306	65.65953757
499	1430.418497	65.64566474
500	1438.397688	65.63179191
501	1446.376879	65.61791908
502	1454.356069	65.60404624
503	1462.33526	65.59017341
504	1470.314451	65.57630058
505	1478.293642	65.56242775
506	1486.272832	65.54855491
507	1494.252023	65.53468208
508	1502.231214	65.52080925
509	1510.210405	65.50693642
510	1518.189595	65.49306358
511	1526.168786	65.47919075
512	1534.147977	65.46531792
513	1542.127168	65.45144509
514	1550.106358	65.43757225
515	1558.085549	65.42369942
516	1566.06474	65.40982659
517	1574.043931	65.39595376
518	1582.023121	65.38208092
519	1590.002312	65.36820809
520	1597.981503	65.35433526
521	1605.960694	65.34046243
522	1613.939884	65.3265896
523	1621.919075	65.31271676
524	1629.898266	65.29884393
525	1637.877457	65.2849711
526	1645.856647	65.27109827
527	1653.835838	65.25722543
528	1661.815029	65.2433526
529	1669.79422	65.22947977
530	1677.77341	65.21560694
531	1685.752601	65.2017341
532	1693.731792	65.18786127
533	1701.710983	65.17398844
534	1709.690173	65.16011561
535	1717.669364	65.14624277
536	1725.648555	65.13236994
537	1733.627746	65.11849711
538	1741.606936	65.10462428
539	1749.586127	65.09075145
540	1757.565318	65.07687861
541	1765.544509	65.06300578
542	1773.523699	65.04913295
543	1781.50289	65.03526012
544	1789.482081	65.02138728
545	1797.461272	65.00751445
546	1805.440462	64.99364162
547	1813.419653	64.97976879
548	1821.398844	64.96589595
549	1829.378035	64.95202312
550	1837.357225	64.93815029
551	1845.336416	64.92427746
552	1853.315607	64.91040462
553	1861.294798	64.89653179
554	1869.273988	64.88265896
555	1877.253179	64.86878613
556	1885.23237	64.85491329
557	1893.211561	64.84104046
558	1901.190751	64.82716763
559	1909.169942	64.8132948
560	1917.149133	64.79942197
561	1925.128324	64.78554913
562	1933.107514	64.7716763
563	1941.086705	64.75780347
564	1949.065896	64.74393064
565	1957.045087	64.7300578
566	1965.024277	64.71618497
567	1973.003468	64.70231214
568	1980.982659	64.68843931
569	1988.96185	64.67456647
570	1996.94104	64.66069364
571	2004.920231	64.64682081
572	2012.899422	64.63294798
573	2020.878613	64.61907514
574	2028.857803	64.60520231
575	2036.836994	64.59132948
576	2044.816185	64.57745665
577	2052.795376	64.56358382
578	2060.774566	64.54971098
579	2068.753757	64.53583815
580	2076.732948	64.52196532
581	2084.712139	64.50809249
582	2092.691329	64.49421965
583	2100.67052	64.48034682
584	2108.649711	64.46647399
585	2116.628902	64.45260116
586	2124.608092	64.43872832
587	2132.587283	64.42485549
588	2140.566474	64.41098266
589	2148.545665	64.39710983
590	2156.524855	64.38323699
591	2164.504046	64.36936416
592	2172.483237	64.35549133
593	2180.462428	64.3416185
594	2188.441618	64.32774566
595	2196.420809	64.31387283
596	2204.4	64.3
597	2212.379191	64.28612717
598	2220.358382	64.27225434
599	2228.337572	64.2583815
600	2236.316763	64.24450867
601	2244.295954	64.23063584
602	2252.275145	64.21676301
603	2260.254335	64.20289017
604	2268.233526	64.18901734
605	2276.212717	64.17514451
606	2284.191908	64.16127168
607	2292.171098	64.14739884
608	2300.150289	64.13352601
609	2308.12948	64.11965318
610	2316.108671	64.10578035
611	2324.087861	64.09190751
612	2332.067052	64.07803468
613	2340.046243	64.06416185
614	2348.025434	64.05028902
615	2356.004624	64.03641618
616	2363.983815	64.02254335
617	2371.963006	64.00867052
618	2379.942197	63.99479769
619	2387.921387	63.98092486
620	2395.900578	63.96705202
621	2403.879769	63.95317919
622	2411.85896	63.93930636
623	2419.83815	63.92543353
624	2427.817341	63.91156069
625	2435.796532	63.89768786
626	2443.775723	63.88381503
627	2451.754913	63.8699422
628	2459.734104	63.85606936
629	2467.713295	63.84219653
630	2475.692486	63.8283237
631	2483.671676	63.81445087
632	2491.650867	63.80057803
633	2499.630058	63.7867052
634	2507.609249	63.77283237
635	2515.588439	63.75895954
636	2523.56763	63.74508671
637	2531.546821	63.73121387
638	2539.526012	63.71734104
639	2547.505202	63.70346821
640	2555.484393	63.68959538
641	2563.463584	63.67572254
642	2571.442775	63.66184971
643	2579.421965	63.64797688
644	2587.401156	63.63410405
645	2595.380347	63.62023121
646	2603.359538	63.60635838
647	2611.338728	63.59248555
648	2619.317919	63.57861272
649	2627.29711	63.56473988
650	2635.276301	63.55086705
651	2643.255491	63.53699422
652	2651.234682	63.52312139
653	2659.213873	63.50924855
654	2667.193064	63.49537572
655	2675.172254	63.48150289
656	2683.151445	63.46763006
657	2691.130636	63.45375723
658	2699.109827	63.43988439
659	2707.089017	63.42601156
660	2715.068208	63.41213873
661	2723.047399	63.3982659
662	2731.02659	63.38439306
663	2739.00578	63.37052023
664	2746.984971	63.3566474
665	2754.964162	63.34277457
666	2762.943353	63.32890173
667	2770.922543	63.3150289
668	2778.901734	63.30115607
669	2786.880925	63.28728324
670	2794.860116	63.2734104
671	2802.839306	63.25953757
672	2810.818497	63.24566474
673	2818.797688	63.23179191
674	2826.776879	63.21791908
675	2834.756069	63.20404624
676	2842.73526	63.19017341
677	2850.714451	63.17630058
678	2858.693642	63.16242775
679	2866.672832	63.14855491
680	2874.652023	63.13468208
681	2882.631214	63.12080925
682	2890.610405	63.10693642
683	2898.589595	63.09306358
684	2906.568786	63.07919075
685	2914.547977	63.06531792
686	2922.527168	63.05144509
687	2930.506358	63.03757225
688	2938.485549	63.02369942
689	2946.46474	63.00982659
690	2954.443931	62.99595376
691	2962.423121	62.98208092
692	2970.402312	62.96820809
693	2978.381503	62.95433526
694	2986.360694	62.94046243
695	2994.339884	62.9265896
696	3002.319075	62.91271676
697	3010.298266	62.89884393
698	3018.277457	62.8849711
699	3026.256647	62.87109827
700	3034.235838	62.85722543
701	3042.215029	62.8433526
702	3050.19422	62.82947977
703	3058.17341	62.81560694
704	3066.152601	62.8017341
705	3074.131792	62.78786127
706	3082.110983	62.77398844
707	3090.090173	62.76011561
708	3098.069364	62.74624277
709	3106.048555	62.73236994
710	3114.027746	62.71849711
711	3122.006936	62.70462428
712	3129.986127	62.69075145
713	3137.965318	62.67687861
714	3145.944509	62.66300578
715	3153.923699	62.64913295
716	3161.90289	62.63526012
717	3169.882081	62.62138728
718	3177.861272	62.60751445
719	3185.840462	62.59364162
720	3193.819653	62.57976879
721	3201.798844	62.56589595
722	3209.778035	62.55202312
723	3217.757225	62.53815029
724	3225.736416	62.52427746
725	3233.715607	62.51040462
726	3241.694798	62.49653179
727	3249.673988	62.48265896
728	3257.653179	62.46878613
729	3265.63237	62.45491329
730	3273.611561	62.44104046
731	3281.590751	62.42716763
732	3289.569942	62.4132948
733	3297.549133	62.39942197
734	3305.528324	62.38554913
735	3313.507514	62.3716763
736	3321.486705	62.35780347
737	3329.465896	62.34393064
738	3337.445087	62.3300578
739	3345.424277	62.31618497
740	3353.403468	62.30231214
741	3361.382659	62.28843931
742	3369.36185	62.27456647
743	3377.34104	62.26069364
744	3385.320231	62.24682081
745	3393.299422	62.23294798
746	3401.278613	62.21907514
747	3409.257803	62.20520231
748	3417.236994	62.19132948
749	3425.216185	62.17745665
750	3433.195376	62.16358382
751	3441.174566	62.14971098
752	3449.153757	62.13583815
753	3457.132948	62.12196532
754	3465.112139	62.10809249
755	3473.091329	62.09421965
756	3481.07052	62.08034682
757	3489.049711	62.06647399
758	3497.028902	62.05260116
759	3505.008092	62.03872832
760	3512.987283	62.02485549
761	3520.966474	62.01098266
762	3528.945665	61.99710983
763	3536.924855	61.98323699
764	3544.904046	61.96936416
765	3552.883237	61.95549133
766	3560.862428	61.9416185
767	3568.841618	61.92774566
768	3576.820809	61.91387283
769	3584.8	61.9
770	3592.8	61.9
771	3600.8	61.9
772	3608.8	61.9
773	3616.8	61.9
774	3624.8	61.9
775	3632.8	61.9
776	3640.8	61.9
777	3648.8	61.9
778	3656.8	61.9
779	3664.8	61.9
780	3672.8	61.9
781	3680.8	61.9
782	3688.8	61.9
783	3696.8	61.9
784	3704.8	61.9
785	3712.8	61.9
786	3720.8	61.9
787	3728.8	61.9
788	3736.8	61.9
789	3744.8	61.9
790	3752.8	61.9
791	3760.8	61.9
792	3768.8	61.9
793	3776.8	61.9
794	3784.8	61.9
795	3792.8	61.9
796	3800.8	61.9
797	3808.8	61.9
798	3816.8	61.9
799	3824.8	61.9
800	3832.8	61.9
801	3840.7	62.4
802	3848.7	62.4
803	3856.7	62.4
804	3864.7	62.4
805	3872.7	62.4
806	3880.689757	62.41401617
807	3888.679515	62.42803235
808	3896.669272	62.44204852
809	3904.65903	62.45606469
810	3912.648787	62.47008086
811	3920.638544	62.48409704
812	3928.628302	62.49811321
813	3936.618059	62.51212938
814	3944.607817	62.52614555
815	3952.597574	62.54016173
816	3960.587332	62.5541779
817	3968.577089	62.56819407
818	3976.566846	62.58221024
819	3984.556604	62.59622642
820	3992.546361	62.61024259
821	4000.536119	62.62425876
822	4008.525876	62.63827493
823	4016.515633	62.65229111
824	4024.505391	62.66630728
825	4032.495148	62.68032345
826	4040.484906	62.69433962
827	4048.474663	62.7083558
828	4056.46442	62.72237197
829	4064.454178	62.73638814
830	4072.443935	62.75040431
831	4080.433693	62.76442049
832	4088.42345	62.77843666
833	4096.413208	62.79245283
834	4104.402965	62.806469
835	4112.392722	62.82048518
836	4120.38248	62.83450135
837	4128.372237	62.84851752
838	4136.361995	62.86253369
839	4144.351752	62.87654987
840	4152.341509	62.89056604
841	4160.331267	62.90458221
842	4168.321024	62.91859838
843	4176.310782	62.93261456
844	4184.300539	62.94663073
845	4192.290296	62.9606469
846	4200.280054	62.97466307
847	4208.269811	62.98867925
848	4216.259569	63.00269542
849	4224.249326	63.01671159
850	4232.239084	63.03072776
851	4240.228841	63.04474394
852	4248.218598	63.05876011
853	4256.208356	63.07277628
854	4264.198113	63.08679245
855	4272.187871	63.10080863
856	4280.177628	63.1148248
857	4288.167385	63.12884097
858	4296.157143	63.14285714
859	4304.1469	63.15687332
860	4312.136658	63.17088949
861	4320.126415	63.18490566
862	4328.116173	63.19892183
863	4336.10593	63.21293801
864	4344.095687	63.22695418
865	4352.085445	63.24097035
866	4360.075202	63.25498652
867	4368.06496	63.2690027
868	4376.054717	63.28301887
869	4384.044474	63.29703504
870	4392.034232	63.31105121
871	4400.023989	63.32506739
872	4408.013747	63.33908356
873	4416.003504	63.35309973
874	4423.993261	63.3671159
875	4431.983019	63.38113208
876	4439.972776	63.39514825
877	4447.962534	63.40916442
878	4455.952291	63.42318059
879	4463.942049	63.43719677
880	4471.931806	63.45121294
881	4479.921563	63.46522911
882	4487.911321	63.47924528
883	4495.901078	63.49326146
884	4503.890836	63.50727763
885	4511.880593	63.5212938
886	4519.87035	63.53530997
887	4527.860108	63.54932615
888	4535.849865	63.56334232
889	4543.839623	63.57735849
890	4551.82938	63.59137466
891	4559.819137	63.60539084
892	4567.808895	63.61940701
893	4575.798652	63.63342318
894	4583.78841	63.64743935
895	4591.778167	63.66145553
896	4599.767925	63.6754717
897	4607.757682	63.68948787
898	4615.747439	63.70350404
899	4623.737197	63.71752022
900	4631.726954	63.73153639
901	4639.716712	63.74555256
902	4647.706469	63.75956873
903	4655.696226	63.77358491
904	4663.685984	63.78760108
905	4671.675741	63.80161725
906	4679.665499	63.81563342
907	4687.655256	63.8296496
908	4695.645013	63.84366577
909	4703.634771	63.85768194
910	4711.624528	63.87169811
911	4719.614286	63.88571429
912	4727.604043	63.89973046
913	4735.593801	63.91374663
914	4743.583558	63.9277628
915	4751.573315	63.94177898
916	4759.563073	63.95579515
917	4767.55283	63.96981132
918	4775.542588	63.98382749
919	4783.532345	63.99784367
920	4791.522102	64.01185984
921	4799.51186	64.02587601
922	4807.501617	64.03989218
923	4815.491375	64.05390836
924	4823.481132	64.06792453
925	4831.470889	64.0819407
926	4839.460647	64.09595687
927	4847.450404	64.10997305
928	4855.440162	64.12398922
929	4863.429919	64.13800539
930	4871.419677	64.15202156
931	4879.409434	64.16603774
932	4887.399191	64.18005391
933	4895.388949	64.19407008
934	4903.378706	64.20808625
935	4911.368464	64.22210243
936	4919.358221	64.2361186
937	4927.347978	64.25013477
938	4935.337736	64.26415094
939	4943.327493	64.27816712
940	4951.317251	64.29218329
941	4959.307008	64.30619946
942	4967.296765	64.32021563
943	4975.286523	64.33423181
944	4983.27628	64.34824798
945	4991.266038	64.36226415
946	4999.255795	64.37628032
947	5007.245553	64.3902965
948	5015.23531	64.40431267
949	5023.225067	64.41832884
950	5031.214825	64.43234501
951	5039.204582	64.44636119
952	5047.19434	64.46037736
953	5055.184097	64.47439353
954	5063.173854	64.4884097
955	5071.163612	64.50242588
956	5079.153369	64.51644205
957	5087.143127	64.53045822
958	5095.132884	64.54447439
959	5103.122642	64.55849057
960	5111.112399	64.57250674
961	5119.102156	64.58652291
962	5127.091914	64.60053908
963	5135.081671	64.61455526
964	5143.071429	64.62857143
965	5151.061186	64.6425876
966	5159.050943	64.65660377
967	5167.040701	64.67061995
968	5175.030458	64.68463612
969	5183.020216	64.69865229
970	5191.009973	64.71266846
971	5198.99973	64.72668464
972	5206.989488	64.74070081
973	5214.979245	64.75471698
974	5222.969003	64.76873315
975	5230.95876	64.78274933
976	5238.948518	64.7967655
977	5246.938275	64.81078167
978	5254.928032	64.82479784
979	5262.91779	64.83881402
980	5270.907547	64.85283019
981	5278.897305	64.86684636
982	5286.887062	64.88086253
983	5294.876819	64.89487871
984	5302.866577	64.90889488
985	5310.856334	64.92291105
986	5318.846092	64.93692722
987	5326.835849	64.9509434
988	5334.825606	64.96495957
989	5342.815364	64.97897574
990	5350.805121	64.99299191
991	5358.794879	65.00700809
992	5366.784636	65.02102426
993	5374.774394	65.03504043
994	5382.764151	65.0490566
995	5390.753908	65.06307278
996	5398.743666	65.07708895
997	5406.733423	65.09110512
998	5414.723181	65.10512129
999	5422.712938	65.11913747
1000	5430.702695	65.13315364
1001	5438.692453	65.14716981
1002	5446.68221	65.16118598
1003	5454.671968	65.17520216
1004	5462.661725	65.18921833
1005	5470.651482	65.2032345
1006	5478.64124	65.21725067
1007	5486.630997	65.23126685
1008	5494.620755	65.24528302
1009	5502.610512	65.25929919
1010	5510.60027	65.27331536
1011	5518.590027	65.28733154
1012	5526.579784	65.30134771
1013	5534.569542	65.31536388
1014	5542.559299	65.32938005
1015	5550.549057	65.34339623
1016	5558.538814	65.3574124
1017	5566.528571	65.37142857
1018	5574.518329	65.38544474
1019	5582.508086	65.39946092
1020	5590.497844	65.41347709
1021	5598.487601	65.42749326
1022	5606.477358	65.44150943
1023	5614.467116	65.45552561
1024	5622.456873	65.46954178
1025	5630.446631	65.48355795
1026	5638.436388	65.49757412
1027	5646.426146	65.5115903
1028	5654.415903	65.52560647
1029	5662.40566	65.53962264
1030	5670.395418	65.55363881
1031	5678.385175	65.56765499
1032	5686.374933	65.58167116
1033	5694.36469	65.59568733
1034	5702.354447	65.6097035
1035	5710.344205	65.62371968
1036	5718.333962	65.63773585
1037	5726.32372	65.65175202
1038	5734.313477	65.66576819
1039	5742.303235	65.67978437
1040	5750.292992	65.69380054
1041	5758.282749	65.70781671
1042	5766.272507	65.72183288
1043	5774.262264	65.73584906
1044	5782.252022	65.74986523
1045	5790.241779	65.7638814
1046	5798.231536	65.77789757
1047	5806.221294	65.79191375
1048	5814.211051	65.80592992
1049	5822.200809	65.81994609
1050	5830.190566	65.83396226
1051	5838.180323	65.84797844
1052	5846.170081	65.86199461
1053	5854.159838	65.87601078
1054	5862.149596	65.89002695
1055	5870.139353	65.90404313
1056	5878.129111	65.9180593
1057	5886.118868	65.93207547
1058	5894.108625	65.94609164
1059	5902.098383	65.96010782
1060	5910.08814	65.97412399
1061	5918.077898	65.98814016
1062	5926.067655	66.00215633
1063	5934.057412	66.01617251
1064	5942.04717	66.03018868
1065	5950.036927	66.04420485
1066	5958.026685	66.05822102
1067	5966.016442	66.0722372
1068	5974.006199	66.08625337
1069	5981.995957	66.10026954
1070	5989.985714	66.11428571
1071	5997.975472	66.12830189
1072	6005.965229	66.14231806
1073	6013.954987	66.15633423
1074	6021.944744	66.1703504
1075	6029.934501	66.18436658
1076	6037.924259	66.19838275
1077	6045.914016	66.21239892
1078	6053.903774	66.22641509
1079	6061.893531	66.24043127
1080	6069.883288	66.25444744
1081	6077.873046	66.26846361
1082	6085.862803	66.28247978
1083	6093.852561	66.29649596
1084	6101.842318	66.31051213
1085	6109.832075	66.3245283
1086	6117.821833	66.33854447
1087	6125.81159	66.35256065
1088	6133.801348	66.36657682
1089	6141.791105	66.38059299
1090	6149.780863	66.39460916
1091	6157.77062	66.40862534
1092	6165.760377	66.42264151
1093	6173.750135	66.43665768
1094	6181.739892	66.45067385
1095	6189.72965	66.46469003
1096	6197.719407	66.4787062
1097	6205.709164	66.49272237
1098	6213.698922	66.50673854
1099	6221.688679	66.52075472
1100	6229.678437	66.53477089
1101	6237.668194	66.54878706
1102	6245.657951	66.56280323
1103	6253.647709	66.57681941
1104	6261.637466	66.59083558
1105	6269.627224	66.60485175
1106	6277.616981	66.61886792
1107	6285.606739	66.6328841
1108	6293.596496	66.64690027
1109	6301.586253	66.66091644
1110	6309.576011	66.67493261
1111	6317.565768	66.68894879
1112	6325.555526	66.70296496
1113	6333.545283	66.71698113
1114	6341.53504	66.7309973
1115	6349.524798	66.74501348
1116	6357.514555	66.75902965
1117	6365.504313	66.77304582
1118	6373.49407	66.78706199
1119	6381.483827	66.80107817
1120	6389.473585	66.81509434
1121	6397.463342	66.82911051
1122	6405.4531	66.84312668
1123	6413.442857	66.85714286
1124	6421.432615	66.87115903
1125	6429.422372	66.8851752
1126	6437.412129	66.89919137
1127	6445.401887	66.91320755
1128	6453.391644	66.92722372
1129	6461.381402	66.94123989
1130	6469.371159	66.95525606
1131	6477.360916	66.96927224
1132	6485.350674	66.98328841
1133	6493.340431	66.99730458
1134	6501.330189	67.01132075
1135	6509.319946	67.02533693
1136	6517.309704	67.0393531
1137	6525.299461	67.05336927
1138	6533.289218	67.06738544
1139	6541.278976	67.08140162
1140	6549.268733	67.09541779
1141	6557.258491	67.10943396
1142	6565.248248	67.12345013
1143	6573.238005	67.13746631
1144	6581.227763	67.15148248
1145	6589.21752	67.16549865
1146	6597.207278	67.17951482
1147	6605.197035	67.193531
1148	6613.186792	67.20754717
1149	6621.17655	67.22156334
1150	6629.166307	67.23557951
1151	6637.156065	67.24959569
1152	6645.145822	67.26361186
1153	6653.13558	67.27762803
1154	6661.125337	67.2916442
1155	6669.115094	67.30566038
1156	6677.104852	67.31967655
1157	6685.094609	67.33369272
1158	6693.084367	67.34770889
1159	6701.074124	67.36172507
1160	6709.063881	67.37574124
1161	6717.053639	67.38975741
1162	6725.043396	67.40377358
1163	6733.033154	67.41778976
1164	6741.022911	67.43180593
1165	6749.012668	67.4458221
1166	6757.002426	67.45983827
1167	6764.992183	67.47385445
1168	6772.981941	67.48787062
1169	6780.971698	67.50188679
1170	6788.961456	67.51590296
1171	6796.951213	67.52991914
1172	6804.94097	67.54393531
1173	6812.930728	67.55795148
1174	6820.920485	67.57196765
1175	6828.910243	67.58598383
1176	6836.9	67.6
1177	6844.921739	67.62173913
1178	6852.943478	67.64347826
1179	6860.965217	67.66521739
1180	6868.986957	67.68695652
1181	6877.008696	67.70869565
1182	6885.030435	67.73043478
1183	6893.052174	67.75217391
1184	6901.073913	67.77391304
1185	6909.095652	67.79565217
1186	6917.117391	67.8173913
1187	6925.13913	67.83913043
1188	6933.16087	67.86086957
1189	6941.182609	67.8826087
1190	6949.204348	67.90434783
1191	6957.226087	67.92608696
1192	6965.247826	67.94782609
1193	6973.269565	67.96956522
1194	6981.291304	67.99130435
1195	6989.313043	68.01304348
1196	6997.334783	68.03478261
1197	7005.356522	68.05652174
1198	7013.378261	68.07826087
1199	7021.4	68.1
1200	7027	72.6
1201	7027.007692	78.35641026
1202	7027.015385	84.11282051
1203	7027.023077	89.86923077
1204	7027.030769	95.62564103
1205	7027.038462	101.3820513
1206	7027.046154	107.1384615
1207	7027.053846	112.8948718
1208	7027.061538	118.6512821
1209	7027.069231	124.4076923
1210	7027.076923	130.1641026
1211	7027.084615	135.9205128
1212	7027.092308	141.6769231
1213	7027.1	147.4333333
1214	7027.107692	153.1897436
1215	7027.115385	158.9461538
1216	7027.123077	164.7025641
1217	7027.130769	170.4589744
1218	7027.138462	176.2153846
1219	7027.146154	181.9717949
1220	7027.153846	187.7282051
1221	7027.161538	193.4846154
1222	7027.169231	199.2410256
1223	7027.176923	204.9974359
1224	7027.184615	210.7538462
1225	7027.192308	216.5102564
1226	7027.2	222.2666667
1227	7027.207692	228.0230769
1228	7027.215385	233.7794872
1229	7027.223077	239.5358974
1230	7027.230769	245.2923077
1231	7027.238462	251.0487179
1232	7027.246154	256.8051282
1233	7027.253846	262.5615385
1234	7027.261538	268.3179487
1235	7027.269231	274.074359
1236	7027.276923	279.8307692
1237	7027.284615	285.5871795
1238	7027.292308	291.3435897
1239	7027.3	297.1
1240	7027.307692	302.8564103
1241	7027.315385	308.6128205
1242	7027.323077	314.3692308
1243	7027.330769	320.125641
1244	7027.338462	325.8820513
1245	7027.346154	331.6384615
1246	7027.353846	337.3948718
1247	7027.361538	343.1512821
1248	7027.369231	348.9076923
1249	7027.376923	354.6641026
1250	7027.384615	360.4205128
1251	7027.392308	366.1769231
1252	7027.4	371.9333333
1253	7027.407692	377.6897436
1254	7027.415385	383.4461538
1255	7027.423077	389.2025641
1256	7027.430769	394.9589744
1257	7027.438462	400.7153846
1258	7027.446154	406.4717949
1259	7027.453846	412.2282051
1260	7027.461538	417.9846154
1261	7027.469231	423.7410256
1262	7027.476923	429.4974359
1263	7027.484615	435.2538462
1264	7027.492308	441.0102564
1265	7027.5	446.7666667
1266	7027.507692	452.5230769
1267	7027.515385	458.2794872
1268	7027.523077	464.0358974
1269	7027.530769	469.7923077
1270	7027.538462	475.5487179
1271	7027.546154	481.3051282
1272	7027.553846	487.0615385
1273	7027.561538	492.8179487
1274	7027.569231	498.574359
1275	7027.576923	504.3307692
1276	7027.584615	510.0871795
1277	7027.592308	515.8435897
1278	7027.6	521.6
1279	7027.607692	527.3564103
1280	7027.615385	533.1128205
1281	7027.623077	538.8692308
1282	7027.630769	544.625641
1283	7027.638462	550.3820513
1284	7027.646154	556.1384615
1285	7027.653846	561.8948718
1286	7027.661538	567.6512821
1287	7027.669231	573.4076923
1288	7027.676923	579.1641026
1289	7027.684615	584.9205128
1290	7027.692308	590.6769231
1291	7027.7	596.4333333
1292	7027.707692	602.1897436
1293	7027.715385	607.9461538
1294	7027.723077	613.7025641
1295	7027.730769	619.4589744
1296	7027.738462	625.2153846
1297	7027.746154	630.9717949
1298	7027.753846	636.7282051
1299	7027.761538	642.4846154
1300	7027.769231	648.2410256
1301	7027.776923	653.9974359
1302	7027.784615	659.7538462
1303	7027.792308	665.5102564
1304	7027.8	671.2666667
1305	7027.807692	677.0230769
1306	7027.815385	682.7794872
1307	7027.823077	688.5358974
1308	7027.830769	694.2923077
1309	7027.838462	700.0487179
1310	7027.846154	705.8051282
1311	7027.853846	711.5615385
1312	7027.861538	717.3179487
1313	7027.869231	723.074359
1314	7027.876923	728.8307692
1315	7027.884615	734.5871795
1316	7027.892308	740.3435897
1317	7027.9	746.1
1318	7027.907692	751.8564103
1319	7027.915385	757.6128205
1320	7027.923077	763.3692308
1321	7027.930769	769.125641
1322	7027.938462	774.8820513
1323	7027.946154	780.6384615
1324	7027.953846	786.3948718
1325	7027.961538	792.1512821
1326	7027.969231	797.9076923
1327	7027.976923	803.6641026
1328	7027.984615	809.4205128
1329	7027.992308	815.1769231
1330	7028	820.9333333
1331	7028.007692	826.6897436
1332	7028.015385	832.4461538
1333	7028.023077	838.2025641
1334	7028.030769	843.9589744
1335	7028.038462	849.7153846
1336	7028.046154	855.4717949
1337	7028.053846	861.2282051
1338	7028.061538	866.9846154
1339	7028.069231	872.7410256
1340	7028.076923	878.4974359
1341	7028.084615	884.2538462
1342	7028.092308	890.0102564
1343	7028.1	895.7666667
1344	7028.107692	901.5230769
1345	7028.115385	907.2794872
1346	7028.123077	913.0358974
1347	7028.130769	918.7923077
1348	7028.138462	924.5487179
1349	7028.146154	930.3051282
1350	7028.153846	936.0615385
1351	7028.161538	941.8179487
1352	7028.169231	947.574359
1353	7028.176923	953.3307692
1354	7028.184615	959.0871795
1355	7028.192308	964.8435897
1356	7028.2	970.6
1357	7028.207692	976.3564103
1358	7028.215385	982.1128205
1359	7028.223077	987.8692308
1360	7028.230769	993.625641
1361	7028.238462	999.3820513
1362	7028.246154	1005.138462
1363	7028.253846	1010.894872
1364	7028.261538	1016.651282
1365	7028.269231	1022.407692
1366	7028.276923	1028.164103
1367	7028.284615	1033.920513
1368	7028.292308	1039.676923
1369	7028.3	1045.433333
1370	7028.307692	1051.189744
1371	7028.315385	1056.946154
1372	7028.323077	1062.702564
1373	7028.330769	1068.458974
1374	7028.338462	1074.215385
1375	7028.346154	1079.971795
1376	7028.353846	1085.728205
1377	7028.361538	1091.484615
1378	7028.369231	1097.241026
1379	7028.376923	1102.997436
1380	7028.384615	1108.753846
1381	7028.392308	1114.510256
1382	7028.4	1120.266667
1383	7028.407692	1126.023077
1384	7028.415385	1131.779487
1385	7028.423077	1137.535897
1386	7028.430769	1143.292308
1387	7028.438462	1149.048718
1388	7028.446154	1154.805128
1389	7028.453846	1160.561538
1390	7028.461538	1166.317949
1391	7028.469231	1172.074359
1392	7028.476923	1177.830769
1393	7028.484615	1183.587179
1394	7028.492308	1189.34359
1395	7028.5	1195.1
1396	7028.507692	1200.85641
1397	7028.515385	1206.612821
1398	7028.523077	1212.369231
1399	7028.530769	1218.125641
1400	7028.538462	1223.882051
1401	7028.546154	1229.638462
1402	7028.553846	1235.394872
1403	7028.561538	1241.151282
1404	7028.569231	1246.907692
1405	7028.576923	1252.664103
1406	7028.584615	1258.420513
1407	7028.592308	1264.176923
1408	7028.6	1269.933333
1409	7028.607692	1275.689744
1410	7028.615385	1281.446154
1411	7028.623077	1287.202564
1412	7028.630769	1292.958974
1413	7028.638462	1298.715385
1414	7028.646154	1304.471795
1415	7028.653846	1310.228205
1416	7028.661538	1315.984615
1417	7028.669231	1321.741026
1418	7028.676923	1327.497436
1419	7028.684615	1333.253846
1420	7028.692308	1339.010256
1421	7028.7	1344.766667
1422	7028.707692	1350.523077
1423	7028.715385	1356.279487
1424	7028.723077	1362.035897
1425	7028.730769	1367.792308
1426	7028.738462	1373.548718
1427	7028.746154	1379.305128
1428	7028.753846	1385.061538
1429	7028.761538	1390.817949
1430	7028.769231	1396.574359
1431	7028.776923	1402.330769
1432	7028.784615	1408.087179
1433	7028.792308	1413.84359
1434	7028.8	1419.6
1435	7028.807692	1425.35641
1436	7028.815385	1431.112821
1437	7028.823077	1436.869231
1438	7028.830769	1442.625641
1439	7028.838462	1448.382051
1440	7028.846154	1454.138462
1441	7028.853846	1459.894872
1442	7028.861538	1465.651282
1443	7028.869231	1471.407692
1444	7028.876923	1477.164103
1445	7028.884615	1482.920513
1446	7028.892308	1488.676923
1447	7028.9	1494.433333
1448	7028.907692	1500.189744
1449	7028.915385	1505.946154
1450	7028.923077	1511.702564
1451	7028.930769	1517.458974
1452	7028.938462	1523.215385
1453	7028.946154	1528.971795
1454	7028.953846	1534.728205
1455	7028.961538	1540.484615
1456	7028.969231	1546.241026
1457	7028.976923	1551.997436
1458	7028.984615	1557.753846
1459	7028.992308	1563.510256
1460	7029	1569.266667
1461	7029.007692	1575.023077
1462	7029.015385	1580.779487
1463	7029.023077	1586.535897
1464	7029.030769	1592.292308
1465	7029.038462	1598.048718
1466	7029.046154	1603.805128
1467	7029.053846	1609.561538
1468	7029.061538	1615.317949
1469	7029.069231	1621.074359
1470	7029.076923	1626.830769
1471	7029.084615	1632.587179
1472	7029.092308	1638.34359
1473	7029.1	1644.1
1474	7029.107692	1649.85641
1475	7029.115385	1655.612821
1476	7029.123077	1661.369231
1477	7029.130769	1667.125641
1478	7029.138462	1672.882051
1479	7029.146154	1678.638462
1480	7029.153846	1684.394872
1481	7029.161538	1690.151282
1482	7029.169231	1695.907692
1483	7029.176923	1701.664103
1484	7029.184615	1707.420513
1485	7029.192308	1713.176923
1486	7029.2	1718.933333
1487	7029.207692	1724.689744
1488	7029.215385	1730.446154
1489	7029.223077	1736.202564
1490	7029.230769	1741.958974
1491	7029.238462	1747.715385
1492	7029.246154	1753.471795
1493	7029.253846	1759.228205
1494	7029.261538	1764.984615
1495	7029.269231	1770.741026
1496	7029.276923	1776.497436
1497	7029.284615	1782.253846
1498	7029.292308	1788.010256
1499	7029.3	1793.766667
1500	7029.307692	1799.523077
1501	7029.315385	1805.279487
1502	7029.323077	1811.035897
1503	7029.330769	1816.792308
1504	7029.338462	1822.548718
1505	7029.346154	1828.305128
1506	7029.353846	1834.061538
1507	7029.361538	1839.817949
1508	7029.369231	1845.574359
1509	7029.376923	1851.330769
1510	7029.384615	1857.087179
1511	7029.392308	1862.84359
1512	7029.4	1868.6
1513	7029.407692	1874.35641
1514	7029.415385	1880.112821
1515	7029.423077	1885.869231
1516	7029.430769	1891.625641
1517	7029.438462	1897.382051
1518	7029.446154	1903.138462
1519	7029.453846	1908.894872
1520	7029.461538	1914.651282
1521	7029.469231	1920.407692
1522	7029.476923	1926.164103
1523	7029.484615	1931.920513
1524	7029.492308	1937.676923
1525	7029.5	1943.433333
1526	7029.507692	1949.189744
1527	7029.515385	1954.946154
1528	7029.523077	1960.702564
1529	7029.530769	1966.458974
1530	7029.538462	1972.215385
1531	7029.546154	1977.971795
1532	7029.553846	1983.728205
1533	7029.561538	1989.484615
1534	7029.569231	1995.241026
1535	7029.576923	2000.997436
1536	7029.584615	2006.753846
1537	7029.592308	2012.510256
1538	7029.6	2018.266667
1539	7029.607692	2024.023077
1540	7029.615385	2029.779487
1541	7029.623077	2035.535897
1542	7029.630769	2041.292308
1543	7029.638462	2047.048718
1544	7029.646154	2052.805128
1545	7029.653846	2058.561538
1546	7029.661538	2064.317949
1547	7029.669231	2070.074359
1548	7029.676923	2075.830769
1549	7029.684615	2081.587179
1550	7029.692308	2087.34359
1551	7029.7	2093.1
1552	7029.707692	2098.85641
1553	7029.715385	2104.612821
1554	7029.723077	2110.369231
1555	7029.730769	2116.125641
1556	7029.738462	2121.882051
1557	7029.746154	2127.638462
1558	7029.753846	2133.394872
1559	7029.761538	2139.151282
1560	7029.769231	2144.907692
1561	7029.776923	2150.664103
1562	7029.784615	2156.420513
1563	7029.792308	2162.176923
1564	7029.8	2167.933333
1565	7029.807692	2173.689744
1566	7029.815385	2179.446154
1567	7029.823077	2185.202564
1568	7029.830769	2190.958974
1569	7029.838462	2196.715385
1570	7029.846154	2202.471795
1571	7029.853846	2208.228205
1572	7029.861538	2213.984615
1573	7029.869231	2219.741026
1574	7029.876923	2225.497436
1575	7029.884615	2231.253846
1576	7029.892308	2237.010256
1577	7029.9	2242.766667
1578	7029.907692	2248.523077
1579	7029.915385	2254.279487
1580	7029.923077	2260.035897
1581	7029.930769	2265.792308
1582	7029.938462	2271.548718
1583	7029.946154	2277.305128
1584	7029.953846	2283.061538
1585	7029.961538	2288.817949
1586	7029.969231	2294.574359
1587	7029.976923	2300.330769
1588	7029.984615	2306.087179
1589	7029.992308	2311.84359
1590	7030	2317.6
1591	7030.007692	2323.35641
1592	7030.015385	2329.112821
1593	7030.023077	2334.869231
1594	7030.030769	2340.625641
1595	7030.038462	2346.382051
1596	7030.046154	2352.138462
1597	7030.053846	2357.894872
1598	7030.061538	2363.651282
1599	7030.069231	2369.407692
1600	7026.075	2372.25
1601	7018.066667	2372.233333
1602	7010.058333	2372.216667
1603	7002.05	2372.2
1604	6994.041667	2372.183333
1605	6986.033333	2372.166667
1606	6978.025	2372.15
1607	6970.016667	2372.133333
1608	6962.008333	2372.116667
1609	6954	2372.1
1610	6945.991667	2372.083333
1611	6937.983333	2372.066667
1612	6929.975	2372.05
1613	6921.966667	2372.033333
1614	6913.958333	2372.016667
1615	6905.95	2372
1616	6897.941667	2371.983333
1617	6889.933333	2371.966667
1618	6881.925	2371.95
1619	6873.916667	2371.933333
1620	6865.908333	2371.916667
1621	6857.9	2371.9
1622	6849.891667	2371.883333
1623	6841.883333	2371.866667
1624	6833.875	2371.85
1625	6825.866667	2371.833333
1626	6817.858333	2371.816667
1627	6809.85	2371.8
1628	6801.841667	2371.783333
1629	6793.833333	2371.766667
1630	6785.825	2371.75
1631	6777.816667	2371.733333
1632	6769.808333	2371.716667
1633	6761.8	2371.7
1634	6753.791667	2371.683333
1635	6745.783333	2371.666667
1636	6737.775	2371.65
1637	6729.766667	2371.633333
1638	6721.758333	2371.616667
1639	6713.75	2371.6
1640	6705.741667	2371.583333
1641	6697.733333	2371.566667
1642	6689.725	2371.55
1643	6681.716667	2371.533333
1644	6673.708333	2371.516667
1645	6665.7	2371.5
1646	6657.691667	2371.483333
1647	6649.683333	2371.466667
1648	6641.675	2371.45
1649	6633.666667	2371.433333
1650	6625.658333	2371.416667
1651	6617.65	2371.4
1652	6609.641667	2371.383333
1653	6601.633333	2371.366667
1654	6593.625	2371.35
1655	6585.616667	2371.333333
1656	6577.608333	2371.316667
1657	6569.6	2371.3
1658	6561.591667	2371.283333
1659	6553.583333	2371.266667
1660	6545.575	2371.25
1661	6537.566667	2371.233333
1662	6529.558333	2371.216667
1663	6521.55	2371.2
1664	6513.541667	2371.183333
1665	6505.533333	2371.166667
1666	6497.525	2371.15
1667	6489.516667	2371.133333
1668	6481.508333	2371.116667
1669	6473.5	2371.1
1670	6465.491667	2371.083333
1671	6457.483333	2371.066667
1672	6449.475	2371.05
1673	6441.466667	2371.033333
1674	6433.458333	2371.016667
1675	6425.45	2371
1676	6417.441667	2370.983333
1677	6409.433333	2370.966667
1678	6401.425	2370.95
1679	6393.416667	2370.933333
1680	6385.408333	2370.916667
1681	6377.4	2370.9
1682	6369.391667	2370.883333
1683	6361.383333	2370.866667
1684	6353.375	2370.85
1685	6345.366667	2370.833333
1686	6337.358333	2370.816667
1687	6329.35	2370.8
1688	6321.341667	2370.783333
1689	6313.333333	2370.766667
1690	6305.325	2370.75
1691	6297.316667	2370.733333
1692	6289.308333	2370.716667
1693	6281.3	2370.7
1694	6273.291667	2370.683333
1695	6265.283333	2370.666667
1696	6257.275	2370.65
1697	6249.266667	2370.633333
1698	6241.258333	2370.616667
1699	6233.25	2370.6
1700	6225.241667	2370.583333
1701	6217.233333	2370.566667
1702	6209.225	2370.55
1703	6201.216667	2370.533333
1704	6193.208333	2370.516667
1705	6185.2	2370.5
1706	6177.191667	2370.483333
1707	6169.183333	2370.466667
1708	6161.175	2370.45
1709	6153.166667	2370.433333
1710	6145.158333	2370.416667
1711	6137.15	2370.4
1712	6129.141667	2370.383333
1713	6121.133333	2370.366667
1714	6113.125	2370.35
1715	6105.116667	2370.333333
1716	6097.108333	2370.316667
1717	6089.1	2370.3
1718	6081.091667	2370.283333
1719	6073.083333	2370.266667
1720	6065.075	2370.25
1721	6057.066667	2370.233333
1722	6049.058333	2370.216667
1723	6041.05	2370.2
1724	6033.041667	2370.183333
1725	6025.033333	2370.166667
1726	6017.025	2370.15
1727	6009.016667	2370.133333
1728	6001.008333	2370.116667
1729	5993	2370.1
1730	5984.991667	2370.083333
1731	5976.983333	2370.066667
1732	5968.975	2370.05
1733	5960.966667	2370.033333
1734	5952.958333	2370.016667
1735	5944.95	2370
1736	5936.941667	2369.983333
1737	5928.933333	2369.966667
1738	5920.925	2369.95
1739	5912.916667	2369.933333
1740	5904.908333	2369.916667
1741	5896.9	2369.9
1742	5888.891667	2369.883333
1743	5880.883333	2369.866667
1744	5872.875	2369.85
1745	5864.866667	2369.833333
1746	5856.858333	2369.816667
1747	5848.85	2369.8
1748	5840.841667	2369.783333
1749	5832.833333	2369.766667
1750	5824.825	2369.75
1751	5816.816667	2369.733333
1752	5808.808333	2369.716667
1753	5800.8	2369.7
1754	5792.791667	2369.683333
1755	5784.783333	2369.666667
1756	5776.775	2369.65
1757	5768.766667	2369.633333
1758	5760.758333	2369.616667
1759	5752.75	2369.6
1760	5744.741667	2369.583333
1761	5736.733333	2369.566667
1762	5728.725	2369.55
1763	5720.716667	2369.533333
1764	5712.708333	2369.516667
1765	5704.7	2369.5
1766	5696.691667	2369.483333
1767	5688.683333	2369.466667
1768	5680.675	2369.45
1769	5672.666667	2369.433333
1770	5664.658333	2369.416667
1771	5656.65	2369.4
1772	5648.641667	2369.383333
1773	5640.633333	2369.366667
1774	5632.625	2369.35
1775	5624.616667	2369.333333
1776	5616.608333	2369.316667
1777	5608.6	2369.3
1778	5600.591667	2369.283333
1779	5592.583333	2369.266667
1780	5584.575	2369.25
1781	5576.566667	2369.233333
1782	5568.558333	2369.216667
1783	5560.55	2369.2
1784	5552.541667	2369.183333
1785	5544.533333	2369.166667
1786	5536.525	2369.15
1787	5528.516667	2369.133333
1788	5520.508333	2369.116667
1789	5512.5	2369.1
1790	5504.491667	2369.083333
1791	5496.483333	2369.066667
1792	5488.475	2369.05
1793	5480.466667	2369.033333
1794	5472.458333	2369.016667
1795	5464.45	2369
1796	5456.441667	2368.983333
1797	5448.433333	2368.966667
1798	5440.425	2368.95
1799	5432.416667	2368.933333
1800	5424.408333	2368.916667
1801	5416.4	2368.9
1802	5408.391667	2368.883333
1803	5400.383333	2368.866667
1804	5392.375	2368.85
1805	5384.366667	2368.833333
1806	5376.358333	2368.816667
1807	5368.35	2368.8
1808	5360.341667	2368.783333
1809	5352.333333	2368.766667
1810	5344.325	2368.75
1811	5336.316667	2368.733333
1812	5328.308333	2368.716667
1813	5320.3	2368.7
1814	5312.291667	2368.683333
1815	5304.283333	2368.666667
1816	5296.275	2368.65
1817	5288.266667	2368.633333
1818	5280.258333	2368.616667
1819	5272.25	2368.6
1820	5264.241667	2368.583333
1821	5256.233333	2368.566667
1822	5248.225	2368.55
1823	5240.216667	2368.533333
1824	5232.208333	2368.516667
1825	5224.2	2368.5
1826	5216.191667	2368.483333
1827	5208.183333	2368.466667
1828	5200.175	2368.45
1829	5192.166667	2368.433333
1830	5184.158333	2368.416667
1831	5176.15	2368.4
1832	5168.141667	2368.383333
1833	5160.133333	2368.366667
1834	5152.125	2368.35
1835	5144.116667	2368.333333
1836	5136.108333	2368.316667
1837	5128.1	2368.3
1838	5120.091667	2368.283333
1839	5112.083333	2368.266667
1840	5104.075	2368.25
1841	5096.066667	2368.233333
1842	5088.058333	2368.216667
1843	5080.05	2368.2
1844	5072.041667	2368.183333
1845	5064.033333	2368.166667
1846	5056.025	2368.15
1847	5048.016667	2368.133333
1848	5040.008333	2368.116667
1849	5032	2368.1
1850	5023.991667	2368.083333
1851	5015.983333	2368.066667
1852	5007.975	2368.05
1853	4999.966667	2368.033333
1854	4991.958333	2368.016667
1855	4983.95	2368
1856	4975.941667	2367.983333
1857	4967.933333	2367.966667
1858	4959.925	2367.95
1859	4951.916667	2367.933333
1860	4943.908333	2367.916667
1861	4935.9	2367.9
1862	4927.891667	2367.883333
1863	4919.883333	2367.866667
1864	4911.875	2367.85
1865	4903.866667	2367.833333
1866	4895.858333	2367.816667
1867	4887.85	2367.8
1868	4879.841667	2367.783333
1869	4871.833333	2367.766667
1870	4863.825	2367.75
1871	4855.816667	2367.733333
1872	4847.808333	2367.716667
1873	4839.8	2367.7
1874	4831.791667	2367.683333
1875	4823.783333	2367.666667
1876	4815.775	2367.65
1877	4807.766667	2367.633333
1878	4799.758333	2367.616667
1879	4791.75	2367.6
1880	4783.741667	2367.583333
1881	4775.733333	2367.566667
1882	4767.725	2367.55
1883	4759.716667	2367.533333
1884	4751.708333	2367.516667
1885	4743.7	2367.5
1886	4735.691667	2367.483333
1887	4727.683333	2367.466667
1888	4719.675	2367.45
1889	4711.666667	2367.433333
1890	4703.658333	2367.416667
1891	4695.65	2367.4
1892	4687.641667	2367.383333
1893	4679.633333	2367.366667
1894	4671.625	2367.35
1895	4663.616667	2367.333333
1896	4655.608333	2367.316667
1897	4647.6	2367.3
1898	4639.591667	2367.283333
1899	4631.583333	2367.266667
1900	4623.575	2367.25
1901	4615.566667	2367.233333
1902	4607.558333	2367.216667
1903	4599.55	2367.2
1904	4591.541667	2367.183333
1905	4583.533333	2367.166667
1906	4575.525	2367.15
1907	4567.516667	2367.133333
1908	4559.508333	2367.116667
1909	4551.5	2367.1
1910	4543.491667	2367.083333
1911	4535.483333	2367.066667
1912	4527.475	2367.05
1913	4519.466667	2367.033333
1914	4511.458333	2367.016667
1915	4503.45	2367
1916	4495.441667	2366.983333
1917	4487.433333	2366.966667
1918	4479.425	2366.95
1919	4471.416667	2366.933333
1920	4463.408333	2366.916667
1921	4455.4	2366.9
1922	4447.391667	2366.883333
1923	4439.383333	2366.866667
1924	4431.375	2366.85
1925	4423.366667	2366.833333
1926	4415.358333	2366.816667
1927	4407.35	2366.8
1928	4399.341667	2366.783333
1929	4391.333333	2366.766667
1930	4383.325	2366.75
1931	4375.316667	2366.733333
1932	4367.308333	2366.716667
1933	4359.3	2366.7
1934	4351.291667	2366.683333
1935	4343.283333	2366.666667
1936	4335.275	2366.65
1937	4327.266667	2366.633333
1938	4319.258333	2366.616667
1939	4311.25	2366.6
1940	4303.241667	2366.583333
1941	4295.233333	2366.566667
1942	4287.225	2366.55
1943	4279.216667	2366.533333
1944	4271.208333	2366.516667
1945	4263.2	2366.5
1946	4255.191667	2366.483333
1947	4247.183333	2366.466667
1948	4239.175	2366.45
1949	4231.166667	2366.433333
1950	4223.158333	2366.416667
1951	4215.15	2366.4
1952	4207.141667	2366.383333
1953	4199.133333	2366.366667
1954	4191.125	2366.35
1955	4183.116667	2366.333333
1956	4175.108333	2366.316667
1957	4167.1	2366.3
1958	4159.091667	2366.283333
1959	4151.083333	2366.266667
1960	4143.075	2366.25
1961	4135.066667	2366.233333
1962	4127.058333	2366.216667
1963	4119.05	2366.2
1964	4111.041667	2366.183333
1965	4103.033333	2366.166667
1966	4095.025	2366.15
1967	4087.016667	2366.133333
1968	4079.008333	2366.116667
1969	4071	2366.1
1970	4062.991667	2366.083333
1971	4054.983333	2366.066667
1972	4046.975	2366.05
1973	4038.966667	2366.033333
1974	4030.958333	2366.016667
1975	4022.95	2366
1976	4014.941667	2365.983333
1977	4006.933333	2365.966667
1978	3998.925	2365.95
1979	3990.916667	2365.933333
1980	3982.908333	2365.916667
1981	3974.9	2365.9
1982	3966.891667	2365.883333
1983	3958.883333	2365.866667
1984	3950.875	2365.85
1985	3942.866667	2365.833333
1986	3934.858333	2365.816667
1987	3926.85	2365.8
1988	3918.841667	2365.783333
1989	3910.833333	2365.766667
1990	3902.825	2365.75
1991	3894.816667	2365.733333
1992	3886.808333	2365.716667
1993	3878.8	2365.7
1994	3871.4	2365.9
1995	3863.4	2365.9
1996	3855.4	2365.9
1997	3847.4	2365.9
1998	3839.4	2365.9
1999	3831.4	2365.6
2000	3823.4	2365.6
2001	3815.4	2365.6
2002	3807.4	2365.6
2003	3799.4	2365.6
2004	3791.4	2365.6
2005	3783.4	2365.6
2006	3775.4	2365.6
2007	3767.4	2365.6
2008	3759.4	2365.6
2009	3751.4	2365.6
2010	3743.4	2365.6
2011	3735.4	2365.6
2012	3727.4	2365.6
2013	3719.4	2365.6
2014	3711.4	2365.6
2015	3703.4	2365.6
2016	3695.4	2365.6
2017	3687.4	2365.6
2018	3679.4	2365.6
2019	3671.4	2365.6
2020	3663.4	2365.6
2021	3655.4	2365.6
2022	3647.4	2365.6
2023	3639.4	2365.6
2024	3631.4	2365.6
2025	3623.4	2365.6
2026	3615.4	2365.6
2027	3607.4	2365.6
2028	3599.4	2365.6
2029	3591.4	2365.6
2030	3583.4	2365.6
2031	3575.4	2365.591667
2032	3567.4	2365.583333
2033	3559.4	2365.575
2034	3551.4	2365.566667
2035	3543.4	2365.558333
2036	3535.4	2365.55
2037	3527.4	2365.541667
2038	3519.4	2365.533333
2039	3511.4	2365.525
2040	3503.4	2365.516667
2041	3495.4	2365.508333
2042	3487.4	2365.5
2043	3479.4	2365.491667
2044	3471.4	2365.483333
2045	3463.4	2365.475
2046	3455.4	2365.466667
2047	3447.4	2365.458333
2048	3439.4	2365.45
2049	3431.4	2365.441667
2050	3423.4	2365.433333
2051	3415.4	2365.425
2052	3407.4	2365.416667
2053	3399.4	2365.408333
2054	3391.4	2365.4
2055	3383.4	2365.391667
2056	3375.4	2365.383333
2057	3367.4	2365.375
2058	3359.4	2365.366667
2059	3351.4	2365.358333
2060	3343.4	2365.35
2061	3335.4	2365.341667
2062	3327.4	2365.333333
2063	3319.4	2365.325
2064	3311.4	2365.316667
2065	3303.4	2365.308333
2066	3295.4	2365.3
2067	3287.4	2365.291667
2068	3279.4	2365.283333
2069	3271.4	2365.275
2070	3263.4	2365.266667
2071	3255.4	2365.258333
2072	3247.4	2365.25
2073	3239.4	2365.241667
2074	3231.4	2365.233333
2075	3223.4	2365.225
2076	3215.4	2365.216667
2077	3207.4	2365.208333
2078	3199.4	2365.2
2079	3191.4	2365.191667
2080	3183.4	2365.183333
2081	3175.4	2365.175
2082	3167.4	2365.166667
2083	3159.4	2365.158333
2084	3151.4	2365.15
2085	3143.4	2365.141667
2086	3135.4	2365.133333
2087	3127.4	2365.125
2088	3119.4	2365.116667
2089	3111.4	2365.108333
2090	3103.4	2365.1
2091	3095.4	2365.091667
2092	3087.4	2365.083333
2093	3079.4	2365.075
2094	3071.4	2365.066667
2095	3063.4	2365.058333
2096	3055.4	2365.05
2097	3047.4	2365.041667
2098	3039.4	2365.033333
2099	3031.4	2365.025
2100	3023.4	2365.016667
2101	3015.4	2365.008333
2102	3007.4	2365
2103	2999.4	2364.991667
2104	2991.4	2364.983333
2105	2983.4	2364.975
2106	2975.4	2364.966667
2107	2967.4	2364.958333
2108	2959.4	2364.95
2109	2951.4	2364.941667
2110	2943.4	2364.933333
2111	2935.4	2364.925
2112	2927.4	2364.916667
2113	2919.4	2364.908333
2114	2911.4	2364.9
2115	2903.4	2364.891667
2116	2895.4	2364.883333
2117	2887.4	2364.875
2118	2879.4	2364.866667
2119	2871.4	2364.858333
2120	2863.4	2364.85
2121	2855.4	2364.841667
2122	2847.4	2364.833333
2123	2839.4	2364.825
2124	2831.4	2364.816667
2125	2823.4	2364.808333
2126	2815.4	2364.8
2127	2807.4	2364.791667
2128	2799.4	2364.783333
2129	2791.4	2364.775
2130	2783.4	2364.766667
2131	2775.4	2364.758333
2132	2767.4	2364.75
2133	2759.4	2364.741667
2134	2751.4	2364.733333
2135	2743.4	2364.725
2136	2735.4	2364.716667
2137	2727.4	2364.708333
2138	2719.4	2364.7
2139	2711.4	2364.691667
2140	2703.4	2364.683333
2141	2695.4	2364.675
2142	2687.4	2364.666667
2143	2679.4	2364.658333
2144	2671.4	2364.65
2145	2663.4	2364.641667
2146	2655.4	2364.633333
2147	2647.4	2364.625
2148	2639.4	2364.616667
2149	2631.4	2364.608333
2150	2623.4	2364.6
2151	2615.4	2364.591667
2152	2607.4	2364.583333
2153	2599.4	2364.575
2154	2591.4	2364.566667
2155	2583.4	2364.558333
2156	2575.4	2364.55
2157	2567.4	2364.541667
2158	2559.4	2364.533333
2159	2551.4	2364.525
2160	2543.4	2364.516667
2161	2535.4	2364.508333
2162	2527.4	2364.5
2163	2519.4	2364.491667
2164	2511.4	2364.483333
2165	2503.4	2364.475
2166	2495.4	2364.466667
2167	2487.4	2364.458333
2168	2479.4	2364.45
2169	2471.4	2364.441667
2170	2463.4	2364.433333
2171	2455.4	2364.425
2172	2447.4	2364.416667
2173	2439.4	2364.408333
2174	2431.4	2364.4
2175	2423.4	2364.391667
2176	2415.4	2364.383333
2177	2407.4	2364.375
2178	2399.4	2364.366667
2179	2391.4	2364.358333
2180	2383.4	2364.35
2181	2375.4	2364.341667
2182	2367.4	2364.333333
2183	2359.4	2364.325
2184	2351.4	2364.316667
2185	2343.4	2364.308333
2186	2335.4	2364.3
2187	2327.4	2364.291667
2188	2319.4	2364.283333
2189	2311.4	2364.275
2190	2303.4	2364.266667
2191	2295.4	2364.258333
2192	2287.4	2364.25
2193	2279.4	2364.241667
2194	2271.4	2364.233333
2195	2263.4	2364.225
2196	2255.4	2364.216667
2197	2247.4	2364.208333
2198	2239.4	2364.2
2199	2231.4	2364.191667
2200	2223.4	2364.183333
2201	2215.4	2364.175
2202	2207.4	2364.166667
2203	2199.4	2364.158333
2204	2191.4	2364.15
2205	2183.4	2364.141667
2206	2175.4	2364.133333
2207	2167.4	2364.125
2208	2159.4	2364.116667
2209	2151.4	2364.108333
2210	2143.4	2364.1
2211	2135.4	2364.091667
2212	2127.4	2364.083333
2213	2119.4	2364.075
2214	2111.4	2364.066667
2215	2103.4	2364.058333
2216	2095.4	2364.05
2217	2087.4	2364.041667
2218	2079.4	2364.033333
2219	2071.4	2364.025
2220	2063.4	2364.016667
2221	2055.4	2364.008333
2222	2047.4	2364
2223	2039.4	2363.991667
2224	2031.4	2363.983333
2225	2023.4	2363.975
2226	2015.4	2363.966667
2227	2007.4	2363.958333
2228	1999.4	2363.95
2229	1991.4	2363.941667
2230	1983.4	2363.933333
2231	1975.4	2363.925
2232	1967.4	2363.916667
2233	1959.4	2363.908333
2234	1951.4	2363.9
2235	1943.4	2363.891667
2236	1935.4	2363.883333
2237	1927.4	2363.875
2238	1919.4	2363.866667
2239	1911.4	2363.858333
2240	1903.4	2363.85
2241	1895.4	2363.841667
2242	1887.4	2363.833333
2243	1879.4	2363.825
2244	1871.4	2363.816667
2245	1863.4	2363.808333
2246	1855.4	2363.8
2247	1847.4	2363.791667
2248	1839.4	2363.783333
2249	1831.4	2363.775
2250	1823.4	2363.766667
2251	1815.4	2363.758333
2252	1807.4	2363.75
2253	1799.4	2363.741667
2254	1791.4	2363.733333
2255	1783.4	2363.725
2256	1775.4	2363.716667
2257	1767.4	2363.708333
2258	1759.4	2363.7
2259	1751.4	2363.691667
2260	1743.4	2363.683333
2261	1735.4	2363.675
2262	1727.4	2363.666667
2263	1719.4	2363.658333
2264	1711.4	2363.65
2265	1703.4	2363.641667
2266	1695.4	2363.633333
2267	1687.4	2363.625
2268	1679.4	2363.616667
2269	1671.4	2363.608333
2270	1663.4	2363.6
2271	1655.4	2363.591667
2272	1647.4	2363.583333
2273	1639.4	2363.575
2274	1631.4	2363.566667
2275	1623.4	2363.558333
2276	1615.4	2363.55
2277	1607.4	2363.541667
2278	1599.4	2363.533333
2279	1591.4	2363.525
2280	1583.4	2363.516667
2281	1575.4	2363.508333
2282	1567.4	2363.5
2283	1559.4	2363.491667
2284	1551.4	2363.483333
2285	1543.4	2363.475
2286	1535.4	2363.466667
2287	1527.4	2363.458333
2288	1519.4	2363.45
2289	1511.4	2363.441667
2290	1503.4	2363.433333
2291	1495.4	2363.425
2292	1487.4	2363.416667
2293	1479.4	2363.408333
2294	1471.4	2363.4
2295	1463.4	2363.391667
2296	1455.4	2363.383333
2297	1447.4	2363.375
2298	1439.4	2363.366667
2299	1431.4	2363.358333
2300	1423.4	2363.35
2301	1415.4	2363.341667
2302	1407.4	2363.333333
2303	1399.4	2363.325
2304	1391.4	2363.316667
2305	1383.4	2363.308333
2306	1375.4	2363.3
2307	1367.4	2363.291667
2308	1359.4	2363.283333
2309	1351.4	2363.275
2310	1343.4	2363.266667
2311	1335.4	2363.258333
2312	1327.4	2363.25
2313	1319.4	2363.241667
2314	1311.4	2363.233333
2315	1303.4	2363.225
2316	1295.4	2363.216667
2317	1287.4	2363.208333
2318	1279.4	2363.2
2319	1271.4	2363.191667
2320	1263.4	2363.183333
2321	1255.4	2363.175
2322	1247.4	2363.166667
2323	1239.4	2363.158333
2324	1231.4	2363.15
2325	1223.4	2363.141667
2326	1215.4	2363.133333
2327	1207.4	2363.125
2328	1199.4	2363.116667
2329	1191.4	2363.108333
2330	1183.4	2363.1
2331	1175.4	2363.091667
2332	1167.4	2363.083333
2333	1159.4	2363.075
2334	1151.4	2363.066667
2335	1143.4	2363.058333
2336	1135.4	2363.05
2337	1127.4	2363.041667
2338	1119.4	2363.033333
2339	1111.4	2363.025
2340	1103.4	2363.016667
2341	1095.4	2363.008333
2342	1087.4	2363
2343	1079.4	2362.991667
2344	1071.4	2362.983333
2345	1063.4	2362.975
2346	1055.4	2362.966667
2347	1047.4	2362.958333
2348	1039.4	2362.95
2349	1031.4	2362.941667
2350	1023.4	2362.933333
2351	1015.4	2362.925
2352	1007.4	2362.916667
2353	999.4	2362.908333
2354	991.4	2362.9
2355	983.4	2362.891667
2356	975.4	2362.883333
2357	967.4	2362.875
2358	959.4	2362.866667
2359	951.4	2362.858333
2360	943.4	2362.85
2361	935.4	2362.841667
2362	927.4	2362.833333
2363	919.4	2362.825
2364	911.4	2362.816667
2365	903.4	2362.808333
2366	895.4	2362.8
2367	887.4	2362.791667
2368	879.4	2362.783333
2369	871.4	2362.775
2370	863.4	2362.766667
2371	855.4	2362.758333
2372	847.4	2362.75
2373	839.4	2362.741667
2374	831.4	2362.733333
2375	823.4	2362.725
2376	815.4	2362.716667
2377	807.4	2362.708333
2378	799.4	2362.7
2379	791.4	2362.691667
2380	783.4	2362.683333
2381	775.4	2362.675
2382	767.4	2362.666667
2383	759.4	2362.658333
2384	751.4	2362.65
2385	743.4	2362.641667
2386	735.4	2362.633333
2387	727.4	2362.625
2388	719.4	2362.616667
2389	711.4	2362.608333
2390	703.4	2362.6
2391	695.4	2362.591667
2392	687.4	2362.583333
2393	679.4	2362.575
2394	671.4	2362.566667
2395	663.4	2362.558333
2396	655.4	2362.55
2397	647.4	2362.541667
2398	639.4	2362.533333
2399	631.4	2362.525
