1	634.6	2263.610256
2	634.6	2257.851282
3	634.6	2252.092308
4	634.6	2246.333333
5	634.6	2240.574359
6	634.6	2234.815385
7	634.6	2229.05641
8	634.6	2223.297436
9	634.6	2217.538462
10	634.6	2211.779487
11	634.6	2206.020513
12	634.6	2200.261538
13	634.6	2194.502564
14	634.6	2188.74359
15	634.6	2182.984615
16	634.6	2177.225641
17	634.6	2171.466667
18	634.6	2165.707692
19	634.6	2159.948718
20	634.6	2154.189744
21	634.6	2148.430769
22	634.6	2142.671795
23	634.6	2136.912821
24	634.6	2131.153846
25	634.6	2125.394872
26	634.6	2119.635897
27	634.6	2113.876923
28	634.6	2108.117949
29	634.6	2102.358974
30	634.6	2096.6
31	634.6	2090.841026
32	634.6	2085.082051
33	634.6	2079.323077
34	634.6	2073.564103
35	634.6	2067.805128
36	634.6	2062.046154
37	634.6	2056.287179
38	634.6	2050.528205
39	634.6	2044.769231
40	634.6	2050.528205
41	634.6	2044.769231
42	634.6	2039.010256
43	634.6	2033.251282
44	634.6	2027.492308
45	634.6	2021.733333
46	634.6	2015.974359
47	634.6	2010.215385
48	634.6	2004.45641
49	634.6	1998.697436
50	634.6	1992.938462
51	634.6	1987.179487
52	634.6	1981.420513
53	634.6	1975.661538
54	634.6	1969.902564
55	634.6	1964.14359
56	634.6	1958.384615
57	634.6	1952.625641
58	634.6	1946.866667
59	634.6	1941.107692
60	634.6	1935.348718
61	634.6	1929.589744
62	634.6	1923.830769
63	634.6	1918.071795
64	634.6	1912.312821
65	634.6	1906.553846
66	634.6	1900.794872
67	634.6	1895.035897
68	634.6	1889.276923
69	634.6	1883.517949
70	634.6	1877.758974
71	634.6	1872
72	634.6	1866.241026
73	634.6	1860.482051
74	634.6	1854.723077
75	634.6	1848.964103
76	634.6	1843.205128
77	634.6	1837.446154
78	634.6	1831.687179
79	634.6	1825.928205
80	634.6	1831.687179
81	634.6	1825.928205
82	634.6	1820.169231
83	634.6	1814.410256
84	634.6	1808.651282
85	634.6	1802.892308
86	634.6	1797.133333
87	634.6	1791.374359
88	634.6	1785.615385
89	634.6	1779.85641
90	634.6	1774.097436
91	634.6	1768.338462
92	634.6	1762.579487
93	634.6	1756.820513
94	634.6	1751.061538
95	634.6	1745.302564
96	634.6	1739.54359
97	634.6	1733.784615
98	634.6	1728.025641
99	634.6	1722.266667
100	634.6	1716.507692
101	634.6	1710.748718
102	634.6	1704.989744
103	634.6	1699.230769
104	634.6	1693.471795
105	634.6	1687.712821
106	634.6	1681.953846
107	634.6	1676.194872
108	634.6	1670.435897
109	634.6	1664.676923
110	634.6	1658.917949
111	634.6	1653.158974
112	634.6	1647.4
113	634.6	1641.641026
114	634.6	1635.882051
115	634.6	1630.123077
116	634.6	1624.364103
117	634.6	1618.605128
118	634.6	1612.846154
119	634.6	1607.087179
120	634.6	1612.846154
121	634.6	1607.087179
122	634.6	1601.328205
123	634.6	1595.569231
124	634.6	1589.810256
125	634.6	1584.051282
126	634.6	1578.292308
127	634.6	1572.533333
128	634.6	1566.774359
129	634.6	1561.015385
130	634.6	1555.25641
131	634.6	1549.497436
132	634.6	1543.738462
133	634.6	1537.979487
134	634.6	1532.220513
135	634.6	1526.461538
136	634.6	1520.702564
137	634.6	1514.94359
138	634.6	1509.184615
139	634.6	1503.425641
140	634.6	1497.666667
141	634.6	1491.907692
142	634.6	1486.148718
143	634.6	1480.389744
144	634.6	1474.630769
145	634.6	1468.871795
146	634.6	1463.112821
147	634.6	1457.353846
148	634.6	1451.594872
149	634.6	1445.835897
150	634.6	1440.076923
151	634.6	1434.317949
152	634.6	1428.558974
153	634.6	1422.8
154	634.6	1417.041026
155	634.6	1411.282051
156	634.6	1405.523077
157	634.6	1399.764103
158	634.6	1394.005128
159	634.6	1388.246154
160	634.6	1394.005128
161	634.6	1388.246154
162	634.6	1382.487179
163	634.6	1376.728205
164	634.6	1370.969231
165	634.6	1365.210256
166	634.6	1359.451282
167	634.6	1353.692308
168	634.6	1347.933333
169	634.6	1342.174359
170	634.6	1336.415385
171	634.6	1330.65641
172	634.6	1324.897436
173	634.6	1319.138462
174	634.6	1313.379487
175	634.6	1307.620513
176	634.6	1301.861538
177	634.6	1296.102564
178	634.6	1290.34359
179	634.6	1284.584615
180	634.6	1278.825641
181	634.6	1273.066667
182	634.6	1267.307692
183	634.6	1261.548718
184	634.6	1255.789744
185	634.6	1250.030769
186	634.6	1244.271795
187	634.6	1238.512821
188	634.6	1232.753846
189	634.6	1226.994872
190	634.6	1221.235897
191	634.6	1215.476923
192	634.6	1209.717949
193	634.6	1203.958974
194	634.6	1198.2
195	634.6	1192.441026
196	634.6	1186.682051
197	634.6	1180.923077
198	634.6	1175.164103
199	634.6	1169.405128
200	634.6	1175.164103
201	634.6	1169.405128
202	634.6	1163.646154
203	634.6	1157.887179
204	634.6	1152.128205
205	634.6	1146.369231
206	634.6	1140.610256
207	634.6	1134.851282
208	634.6	1129.092308
209	634.6	1123.333333
210	634.6	1117.574359
211	634.6	1111.815385
212	634.6	1106.05641
213	634.6	1100.297436
214	634.6	1094.538462
215	634.6	1088.779487
216	634.6	1083.020513
217	634.6	1077.261538
218	634.6	1071.502564
219	634.6	1065.74359
220	634.6	1059.984615
221	634.6	1054.225641
222	634.6	1048.466667
223	634.6	1042.707692
224	634.6	1036.948718
225	634.6	1031.189744
226	634.6	1025.430769
227	634.6	1019.671795
228	634.6	1013.912821
229	634.6	1008.153846
230	634.6	1002.394872
231	634.6	996.6358974
232	634.6	990.8769231
233	634.6	985.1179487
234	634.6	979.3589744
235	634.6	973.6
236	634.6	967.8410256
237	634.6	962.0820513
238	634.6	956.3230769
239	634.6	950.5641026
240	634.6	956.3230769
241	634.6	950.5641026
242	634.6	944.8051282
243	634.6	939.0461538
244	634.6	933.2871795
245	634.6	927.5282051
246	634.6	921.7692308
247	634.6	916.0102564
248	634.6	910.2512821
249	634.6	904.4923077
250	634.6	898.7333333
251	634.6	892.974359
252	634.6	887.2153846
253	634.6	881.4564103
254	634.6	875.6974359
255	634.6	869.9384615
256	634.6	864.1794872
257	634.6	858.4205128
258	634.6	852.6615385
259	634.6	846.9025641
260	634.6	841.1435897
261	634.6	835.3846154
262	634.6	829.625641
263	634.6	823.8666667
264	634.6	818.1076923
265	634.6	812.3487179
266	634.6	806.5897436
267	634.6	800.8307692
268	634.6	795.0717949
269	634.6	789.3128205
270	634.6	783.5538462
271	634.6	777.7948718
272	634.6	772.0358974
273	634.6	766.2769231
274	634.6	760.5179487
275	634.6	754.7589744
276	634.6	749
277	634.6	743.2410256
278	634.6	737.4820513
279	634.6	731.7230769
280	634.6	737.4820513
281	634.6	731.7230769
282	634.6	725.9641026
283	634.6	720.2051282
284	634.6	714.4461538
285	634.6	708.6871795
286	634.6	702.9282051
287	634.6	697.1692308
288	634.6	691.4102564
289	634.6	685.6512821
290	634.6	679.8923077
291	634.6	674.1333333
292	634.6	668.374359
293	634.6	662.6153846
294	634.6	656.8564103
295	634.6	651.0974359
296	634.6	645.3384615
297	634.6	639.5794872
298	634.6	633.8205128
299	634.6	628.0615385
300	634.6	622.3025641
301	634.6	616.5435897
302	634.6	610.7846154
303	634.6	605.025641
304	634.6	599.2666667
305	634.6	593.5076923
306	634.6	587.7487179
307	634.6	581.9897436
308	634.6	576.2307692
309	634.6	570.4717949
310	634.6	564.7128205
311	634.6	558.9538462
312	634.6	553.1948718
313	634.6	547.4358974
314	634.6	541.6769231
315	634.6	535.9179487
316	634.6	530.1589744
317	634.6	524.4
318	634.6	518.6410256
319	634.6	512.8820513
320	634.6	518.6410256
321	634.6	512.8820513
322	634.6	507.1230769
323	634.6	501.3641026
324	634.6	495.6051282
325	634.6	489.8461538
326	634.6	484.0871795
327	634.6	478.3282051
328	634.6	472.5692308
329	634.6	466.8102564
330	634.6	461.0512821
331	634.6	455.2923077
332	634.6	449.5333333
333	634.6	443.774359
334	634.6	438.0153846
335	634.6	432.2564103
336	634.6	426.4974359
337	634.6	420.7384615
338	634.6	414.9794872
339	634.6	409.2205128
340	634.6	403.4615385
341	634.6	397.7025641
342	634.6	391.9435897
343	634.6	386.1846154
344	634.6	380.425641
345	634.6	374.6666667
346	634.6	368.9076923
347	634.6	363.1487179
348	634.6	357.3897436
349	634.6	351.6307692
350	634.6	345.8717949
351	634.6	340.1128205
352	634.6	334.3538462
353	634.6	328.5948718
354	634.6	322.8358974
355	634.6	317.0769231
356	634.6	311.3179487
357	634.6	305.5589744
358	634.6	299.8
359	634.6	294.0410256
360	634.6	299.8
361	634.6	294.0410256
362	634.6	288.2820513
363	634.6	282.5230769
364	634.6	276.7641026
365	634.6	271.0051282
366	634.6	265.2461538
367	634.6	259.4871795
368	634.6	253.7282051
369	634.6	247.9692308
370	634.6	242.2102564
371	634.6	236.4512821
372	634.6	230.6923077
373	634.6	224.9333333
374	634.6	219.174359
375	634.6	213.4153846
376	634.6	207.6564103
377	634.6	201.8974359
378	634.6	196.1384615
379	634.6	190.3794872
380	634.6	184.6205128
381	634.6	178.8615385
382	634.6	173.1025641
383	634.6	167.3435897
384	634.6	161.5846154
385	634.6	155.825641
386	634.6	150.0666667
387	634.6	144.3076923
388	634.6	138.5487179
389	634.6	132.7897436
390	634.6	127.0307692
391	634.6	121.2717949
392	634.6	115.5128205
393	634.6	109.7538462
394	634.6	103.9948718
395	634.6	98.23589744
396	634.6	92.47692308
397	634.6	86.71794872
398	634.6	80.95897436
399	634.6	75.2
400	639.4	68.6
401	647.3956522	68.54782609
402	655.3913043	68.49565217
403	663.3869565	68.44347826
404	671.3826087	68.39130435
405	679.3782609	68.33913043
406	687.373913	68.28695652
407	695.3695652	68.23478261
408	703.3652174	68.1826087
409	711.3608696	68.13043478
410	719.3565217	68.07826087
411	727.3521739	68.02608696
412	735.3478261	67.97391304
413	743.3434783	67.92173913
414	751.3391304	67.86956522
415	759.3347826	67.8173913
416	767.3304348	67.76521739
417	775.326087	67.71304348
418	783.3217391	67.66086957
419	791.3173913	67.60869565
420	799.3130435	67.55652174
421	807.3086957	67.50434783
422	815.3043478	67.45217391
423	823.3	67.4
424	831.2812139	67.39248555
425	839.2624277	67.3849711
426	847.2436416	67.37745665
427	855.2248555	67.3699422
428	863.2060694	67.36242775
429	871.1872832	67.35491329
430	879.1684971	67.34739884
431	887.149711	67.33988439
432	895.1309249	67.33236994
433	903.1121387	67.32485549
434	911.0933526	67.31734104
435	919.0745665	67.30982659
436	927.0557803	67.30231214
437	935.0369942	67.29479769
438	943.0182081	67.28728324
439	950.999422	67.27976879
440	958.9806358	67.27225434
441	966.9618497	67.26473988
442	974.9430636	67.25722543
443	982.9242775	67.24971098
444	990.9054913	67.24219653
445	998.8867052	67.23468208
446	1006.867919	67.22716763
447	1014.849133	67.21965318
448	1022.830347	67.21213873
449	1030.811561	67.20462428
450	1038.792775	67.19710983
451	1046.773988	67.18959538
452	1054.755202	67.18208092
453	1062.736416	67.17456647
454	1070.71763	67.16705202
455	1078.698844	67.15953757
456	1086.680058	67.15202312
457	1094.661272	67.14450867
458	1102.642486	67.13699422
459	1110.623699	67.12947977
460	1118.604913	67.12196532
461	1126.586127	67.11445087
462	1134.567341	67.10693642
463	1142.548555	67.09942197
464	1150.529769	67.09190751
465	1158.510983	67.08439306
466	1166.492197	67.07687861
467	1174.47341	67.06936416
468	1182.454624	67.06184971
469	1190.435838	67.05433526
470	1198.417052	67.04682081
471	1206.398266	67.03930636
472	1214.37948	67.03179191
473	1222.360694	67.02427746
474	1230.341908	67.01676301
475	1238.323121	67.00924855
476	1246.304335	67.0017341
477	1254.285549	66.99421965
478	1262.266763	66.9867052
479	1270.247977	66.97919075
480	1278.229191	66.9716763
481	1286.210405	66.96416185
482	1294.191618	66.9566474
483	1302.172832	66.94913295
484	1310.154046	66.9416185
485	1318.13526	66.93410405
486	1326.116474	66.9265896
487	1334.097688	66.91907514
488	1342.078902	66.91156069
489	1350.060116	66.90404624
490	1358.041329	66.89653179
491	1366.022543	66.88901734
492	1374.003757	66.88150289
493	1381.984971	66.87398844
494	1389.966185	66.86647399
495	1397.947399	66.85895954
496	1405.928613	66.85144509
497	1413.909827	66.84393064
498	1421.89104	66.83641618
499	1429.872254	66.82890173
500	1437.853468	66.82138728
501	1445.834682	66.81387283
502	1453.815896	66.80635838
503	1461.79711	66.79884393
504	1469.778324	66.79132948
505	1477.759538	66.78381503
506	1485.740751	66.77630058
507	1493.721965	66.76878613
508	1501.703179	66.76127168
509	1509.684393	66.75375723
510	1517.665607	66.74624277
511	1525.646821	66.73872832
512	1533.628035	66.73121387
513	1541.609249	66.72369942
514	1549.590462	66.71618497
515	1557.571676	66.70867052
516	1565.55289	66.70115607
517	1573.534104	66.69364162
518	1581.515318	66.68612717
519	1589.496532	66.67861272
520	1597.477746	66.67109827
521	1605.45896	66.66358382
522	1613.440173	66.65606936
523	1621.421387	66.64855491
524	1629.402601	66.64104046
525	1637.383815	66.63352601
526	1645.365029	66.62601156
527	1653.346243	66.61849711
528	1661.327457	66.61098266
529	1669.308671	66.60346821
530	1677.289884	66.59595376
531	1685.271098	66.58843931
532	1693.252312	66.58092486
533	1701.233526	66.5734104
534	1709.21474	66.56589595
535	1717.195954	66.5583815
536	1725.177168	66.55086705
537	1733.158382	66.5433526
538	1741.139595	66.53583815
539	1749.120809	66.5283237
540	1757.102023	66.52080925
541	1765.083237	66.5132948
542	1773.064451	66.50578035
543	1781.045665	66.4982659
544	1789.026879	66.49075145
545	1797.008092	66.48323699
546	1804.989306	66.47572254
547	1812.97052	66.46820809
548	1820.951734	66.46069364
549	1828.932948	66.45317919
550	1836.914162	66.44566474
551	1844.895376	66.43815029
552	1852.87659	66.43063584
553	1860.857803	66.42312139
554	1868.839017	66.41560694
555	1876.820231	66.40809249
556	1884.801445	66.40057803
557	1892.782659	66.39306358
558	1900.763873	66.38554913
559	1908.745087	66.37803468
560	1916.726301	66.37052023
561	1924.707514	66.36300578
562	1932.688728	66.35549133
563	1940.669942	66.34797688
564	1948.651156	66.34046243
565	1956.63237	66.33294798
566	1964.613584	66.32543353
567	1972.594798	66.31791908
568	1980.576012	66.31040462
569	1988.557225	66.30289017
570	1996.538439	66.29537572
571	2004.519653	66.28786127
572	2012.500867	66.28034682
573	2020.482081	66.27283237
574	2028.463295	66.26531792
575	2036.444509	66.25780347
576	2044.425723	66.25028902
577	2052.406936	66.24277457
578	2060.38815	66.23526012
579	2068.369364	66.22774566
580	2076.350578	66.22023121
581	2084.331792	66.21271676
582	2092.313006	66.20520231
583	2100.29422	66.19768786
584	2108.275434	66.19017341
585	2116.256647	66.18265896
586	2124.237861	66.17514451
587	2132.219075	66.16763006
588	2140.200289	66.16011561
589	2148.181503	66.15260116
590	2156.162717	66.14508671
591	2164.143931	66.13757225
592	2172.125145	66.1300578
593	2180.106358	66.12254335
594	2188.087572	66.1150289
595	2196.068786	66.10751445
596	2204.05	66.1
597	2212.031214	66.09248555
598	2220.012428	66.0849711
599	2227.993642	66.07745665
600	2235.974855	66.0699422
601	2243.956069	66.06242775
602	2251.937283	66.05491329
603	2259.918497	66.04739884
604	2267.899711	66.03988439
605	2275.880925	66.03236994
606	2283.862139	66.02485549
607	2291.843353	66.01734104
608	2299.824566	66.00982659
609	2307.80578	66.00231214
610	2315.786994	65.99479769
611	2323.768208	65.98728324
612	2331.749422	65.97976879
613	2339.730636	65.97225434
614	2347.71185	65.96473988
615	2355.693064	65.95722543
616	2363.674277	65.94971098
617	2371.655491	65.94219653
618	2379.636705	65.93468208
619	2387.617919	65.92716763
620	2395.599133	65.91965318
621	2403.580347	65.91213873
622	2411.561561	65.90462428
623	2419.542775	65.89710983
624	2427.523988	65.88959538
625	2435.505202	65.88208092
626	2443.486416	65.87456647
627	2451.46763	65.86705202
628	2459.448844	65.85953757
629	2467.430058	65.85202312
630	2475.411272	65.84450867
631	2483.392486	65.83699422
632	2491.373699	65.82947977
633	2499.354913	65.82196532
634	2507.336127	65.81445087
635	2515.317341	65.80693642
636	2523.298555	65.79942197
637	2531.279769	65.79190751
638	2539.260983	65.78439306
639	2547.242197	65.77687861
640	2555.22341	65.76936416
641	2563.204624	65.76184971
642	2571.185838	65.75433526
643	2579.167052	65.74682081
644	2587.148266	65.73930636
645	2595.12948	65.73179191
646	2603.110694	65.72427746
647	2611.091908	65.71676301
648	2619.073121	65.70924855
649	2627.054335	65.7017341
650	2635.035549	65.69421965
651	2643.016763	65.6867052
652	2650.997977	65.67919075
653	2658.979191	65.6716763
654	2666.960405	65.66416185
655	2674.941618	65.6566474
656	2682.922832	65.64913295
657	2690.904046	65.6416185
658	2698.88526	65.63410405
659	2706.866474	65.6265896
660	2714.847688	65.61907514
661	2722.828902	65.61156069
662	2730.810116	65.60404624
663	2738.791329	65.59653179
664	2746.772543	65.58901734
665	2754.753757	65.58150289
666	2762.734971	65.57398844
667	2770.716185	65.56647399
668	2778.697399	65.55895954
669	2786.678613	65.55144509
670	2794.659827	65.54393064
671	2802.64104	65.53641618
672	2810.622254	65.52890173
673	2818.603468	65.52138728
674	2826.584682	65.51387283
675	2834.565896	65.50635838
676	2842.54711	65.49884393
677	2850.528324	65.49132948
678	2858.509538	65.48381503
679	2866.490751	65.47630058
680	2874.471965	65.46878613
681	2882.453179	65.46127168
682	2890.434393	65.45375723
683	2898.415607	65.44624277
684	2906.396821	65.43872832
685	2914.378035	65.43121387
686	2922.359249	65.42369942
687	2930.340462	65.41618497
688	2938.321676	65.40867052
689	2946.30289	65.40115607
690	2954.284104	65.39364162
691	2962.265318	65.38612717
692	2970.246532	65.37861272
693	2978.227746	65.37109827
694	2986.20896	65.36358382
695	2994.190173	65.35606936
696	3002.171387	65.34855491
697	3010.152601	65.34104046
698	3018.133815	65.33352601
699	3026.115029	65.32601156
700	3034.096243	65.31849711
701	3042.077457	65.31098266
702	3050.058671	65.30346821
703	3058.039884	65.29595376
704	3066.021098	65.28843931
705	3074.002312	65.28092486
706	3081.983526	65.2734104
707	3089.96474	65.26589595
708	3097.945954	65.2583815
709	3105.927168	65.25086705
710	3113.908382	65.2433526
711	3121.889595	65.23583815
712	3129.870809	65.2283237
713	3137.852023	65.22080925
714	3145.833237	65.2132948
715	3153.814451	65.20578035
716	3161.795665	65.1982659
717	3169.776879	65.19075145
718	3177.758092	65.18323699
719	3185.739306	65.17572254
720	3193.72052	65.16820809
721	3201.701734	65.16069364
722	3209.682948	65.15317919
723	3217.664162	65.14566474
724	3225.645376	65.13815029
725	3233.62659	65.13063584
726	3241.607803	65.12312139
727	3249.589017	65.11560694
728	3257.570231	65.10809249
729	3265.551445	65.10057803
730	3273.532659	65.09306358
731	3281.513873	65.08554913
732	3289.495087	65.07803468
733	3297.476301	65.07052023
734	3305.457514	65.06300578
735	3313.438728	65.05549133
736	3321.419942	65.04797688
737	3329.401156	65.04046243
738	3337.38237	65.03294798
739	3345.363584	65.02543353
740	3353.344798	65.01791908
741	3361.326012	65.01040462
742	3369.307225	65.00289017
743	3377.288439	64.99537572
744	3385.269653	64.98786127
745	3393.250867	64.98034682
746	3401.232081	64.97283237
747	3409.213295	64.96531792
748	3417.194509	64.95780347
749	3425.175723	64.95028902
750	3433.156936	64.94277457
751	3441.13815	64.93526012
752	3449.119364	64.92774566
753	3457.100578	64.92023121
754	3465.081792	64.91271676
755	3473.063006	64.90520231
756	3481.04422	64.89768786
757	3489.025434	64.89017341
758	3497.006647	64.88265896
759	3504.987861	64.87514451
760	3512.969075	64.86763006
761	3520.950289	64.86011561
762	3528.931503	64.85260116
763	3536.912717	64.84508671
764	3544.893931	64.83757225
765	3552.875145	64.8300578
766	3560.856358	64.82254335
767	3568.837572	64.8150289
768	3576.818786	64.80751445
769	3584.8	64.8
770	3592.8	64.8
771	3600.8	64.8
772	3608.8	64.8
773	3616.8	64.8
774	3624.8	64.8
775	3632.8	64.8
776	3640.8	64.8
777	3648.8	64.8
778	3656.8	64.8
779	3664.8	64.8
780	3672.8	64.8
781	3680.8	64.8
782	3688.8	64.8
783	3696.8	64.8
784	3704.8	64.8
785	3712.8	64.8
786	3720.8	64.8
787	3728.8	64.8
788	3736.8	64.8
789	3744.8	64.8
790	3752.8	64.8
791	3760.8	64.8
792	3768.8	64.8
793	3776.8	64.8
794	3784.8	64.8
795	3792.8	64.8
796	3800.8	64.8
797	3808.8	64.8
798	3816.8	64.8
799	3824.8	64.8
800	3832.8	64.8
801	3841.3	65.2
802	3849.3	65.2
803	3857.3	65.2
804	3865.3	65.2
805	3873.3	65.2
806	3881.287062	65.20916442
807	3889.274124	65.21832884
808	3897.261186	65.22749326
809	3905.248248	65.23665768
810	3913.23531	65.2458221
811	3921.222372	65.25498652
812	3929.209434	65.26415094
813	3937.196496	65.27331536
814	3945.183558	65.28247978
815	3953.17062	65.2916442
816	3961.157682	65.30080863
817	3969.144744	65.30997305
818	3977.131806	65.31913747
819	3985.118868	65.32830189
820	3993.10593	65.33746631
821	4001.092992	65.34663073
822	4009.080054	65.35579515
823	4017.067116	65.36495957
824	4025.054178	65.37412399
825	4033.04124	65.38328841
826	4041.028302	65.39245283
827	4049.015364	65.40161725
828	4057.002426	65.41078167
829	4064.989488	65.41994609
830	4072.97655	65.42911051
831	4080.963612	65.43827493
832	4088.950674	65.44743935
833	4096.937736	65.45660377
834	4104.924798	65.46576819
835	4112.91186	65.47493261
836	4120.898922	65.48409704
837	4128.885984	65.49326146
838	4136.873046	65.50242588
839	4144.860108	65.5115903
840	4152.84717	65.52075472
841	4160.834232	65.52991914
842	4168.821294	65.53908356
843	4176.808356	65.54824798
844	4184.795418	65.5574124
845	4192.78248	65.56657682
846	4200.769542	65.57574124
847	4208.756604	65.58490566
848	4216.743666	65.59407008
849	4224.730728	65.6032345
850	4232.71779	65.61239892
851	4240.704852	65.62156334
852	4248.691914	65.63072776
853	4256.678976	65.63989218
854	4264.666038	65.6490566
855	4272.6531	65.65822102
856	4280.640162	65.66738544
857	4288.627224	65.67654987
858	4296.614286	65.68571429
859	4304.601348	65.69487871
860	4312.58841	65.70404313
861	4320.575472	65.71320755
862	4328.562534	65.72237197
863	4336.549596	65.73153639
864	4344.536658	65.74070081
865	4352.52372	65.74986523
866	4360.510782	65.75902965
867	4368.497844	65.76819407
868	4376.484906	65.77735849
869	4384.471968	65.78652291
870	4392.45903	65.79568733
871	4400.446092	65.80485175
872	4408.433154	65.81401617
873	4416.420216	65.82318059
874	4424.407278	65.83234501
875	4432.39434	65.84150943
876	4440.381402	65.85067385
877	4448.368464	65.85983827
878	4456.355526	65.8690027
879	4464.342588	65.87816712
880	4472.32965	65.88733154
881	4480.316712	65.89649596
882	4488.303774	65.90566038
883	4496.290836	65.9148248
884	4504.277898	65.92398922
885	4512.26496	65.93315364
886	4520.252022	65.94231806
887	4528.239084	65.95148248
888	4536.226146	65.9606469
889	4544.213208	65.96981132
890	4552.20027	65.97897574
891	4560.187332	65.98814016
892	4568.174394	65.99730458
893	4576.161456	66.006469
894	4584.148518	66.01563342
895	4592.13558	66.02479784
896	4600.122642	66.03396226
897	4608.109704	66.04312668
898	4616.096765	66.05229111
899	4624.083827	66.06145553
900	4632.070889	66.07061995
901	4640.057951	66.07978437
902	4648.045013	66.08894879
903	4656.032075	66.09811321
904	4664.019137	66.10727763
905	4672.006199	66.11644205
906	4679.993261	66.12560647
907	4687.980323	66.13477089
908	4695.967385	66.14393531
909	4703.954447	66.15309973
910	4711.941509	66.16226415
911	4719.928571	66.17142857
912	4727.915633	66.18059299
913	4735.902695	66.18975741
914	4743.889757	66.19892183
915	4751.876819	66.20808625
916	4759.863881	66.21725067
917	4767.850943	66.22641509
918	4775.838005	66.23557951
919	4783.825067	66.24474394
920	4791.812129	66.25390836
921	4799.799191	66.26307278
922	4807.786253	66.2722372
923	4815.773315	66.28140162
924	4823.760377	66.29056604
925	4831.747439	66.29973046
926	4839.734501	66.30889488
927	4847.721563	66.3180593
928	4855.708625	66.32722372
929	4863.695687	66.33638814
930	4871.682749	66.34555256
931	4879.669811	66.35471698
932	4887.656873	66.3638814
933	4895.643935	66.37304582
934	4903.630997	66.38221024
935	4911.618059	66.39137466
936	4919.605121	66.40053908
937	4927.592183	66.4097035
938	4935.579245	66.41886792
939	4943.566307	66.42803235
940	4951.553369	66.43719677
941	4959.540431	66.44636119
942	4967.527493	66.45552561
943	4975.514555	66.46469003
944	4983.501617	66.47385445
945	4991.488679	66.48301887
946	4999.475741	66.49218329
947	5007.462803	66.50134771
948	5015.449865	66.51051213
949	5023.436927	66.51967655
950	5031.423989	66.52884097
951	5039.411051	66.53800539
952	5047.398113	66.54716981
953	5055.385175	66.55633423
954	5063.372237	66.56549865
955	5071.359299	66.57466307
956	5079.346361	66.58382749
957	5087.333423	66.59299191
958	5095.320485	66.60215633
959	5103.307547	66.61132075
960	5111.294609	66.62048518
961	5119.281671	66.6296496
962	5127.268733	66.63881402
963	5135.255795	66.64797844
964	5143.242857	66.65714286
965	5151.229919	66.66630728
966	5159.216981	66.6754717
967	5167.204043	66.68463612
968	5175.191105	66.69380054
969	5183.178167	66.70296496
970	5191.165229	66.71212938
971	5199.152291	66.7212938
972	5207.139353	66.73045822
973	5215.126415	66.73962264
974	5223.113477	66.74878706
975	5231.100539	66.75795148
976	5239.087601	66.7671159
977	5247.074663	66.77628032
978	5255.061725	66.78544474
979	5263.048787	66.79460916
980	5271.035849	66.80377358
981	5279.022911	66.81293801
982	5287.009973	66.82210243
983	5294.997035	66.83126685
984	5302.984097	66.84043127
985	5310.971159	66.84959569
986	5318.958221	66.85876011
987	5326.945283	66.86792453
988	5334.932345	66.87708895
989	5342.919407	66.88625337
990	5350.906469	66.89541779
991	5358.893531	66.90458221
992	5366.880593	66.91374663
993	5374.867655	66.92291105
994	5382.854717	66.93207547
995	5390.841779	66.94123989
996	5398.828841	66.95040431
997	5406.815903	66.95956873
998	5414.802965	66.96873315
999	5422.790027	66.97789757
1000	5430.777089	66.98706199
1001	5438.764151	66.99622642
1002	5446.751213	67.00539084
1003	5454.738275	67.01455526
1004	5462.725337	67.02371968
1005	5470.712399	67.0328841
1006	5478.699461	67.04204852
1007	5486.686523	67.05121294
1008	5494.673585	67.06037736
1009	5502.660647	67.06954178
1010	5510.647709	67.0787062
1011	5518.634771	67.08787062
1012	5526.621833	67.09703504
1013	5534.608895	67.10619946
1014	5542.595957	67.11536388
1015	5550.583019	67.1245283
1016	5558.570081	67.13369272
1017	5566.557143	67.14285714
1018	5574.544205	67.15202156
1019	5582.531267	67.16118598
1020	5590.518329	67.1703504
1021	5598.505391	67.17951482
1022	5606.492453	67.18867925
1023	5614.479515	67.19784367
1024	5622.466577	67.20700809
1025	5630.453639	67.21617251
1026	5638.440701	67.22533693
1027	5646.427763	67.23450135
1028	5654.414825	67.24366577
1029	5662.401887	67.25283019
1030	5670.388949	67.26199461
1031	5678.376011	67.27115903
1032	5686.363073	67.28032345
1033	5694.350135	67.28948787
1034	5702.337197	67.29865229
1035	5710.324259	67.30781671
1036	5718.311321	67.31698113
1037	5726.298383	67.32614555
1038	5734.285445	67.33530997
1039	5742.272507	67.34447439
1040	5750.259569	67.35363881
1041	5758.246631	67.36280323
1042	5766.233693	67.37196765
1043	5774.220755	67.38113208
1044	5782.207817	67.3902965
1045	5790.194879	67.39946092
1046	5798.181941	67.40862534
1047	5806.169003	67.41778976
1048	5814.156065	67.42695418
1049	5822.143127	67.4361186
1050	5830.130189	67.44528302
1051	5838.117251	67.45444744
1052	5846.104313	67.46361186
1053	5854.091375	67.47277628
1054	5862.078437	67.4819407
1055	5870.065499	67.49110512
1056	5878.052561	67.50026954
1057	5886.039623	67.50943396
1058	5894.026685	67.51859838
1059	5902.013747	67.5277628
1060	5910.000809	67.53692722
1061	5917.987871	67.54609164
1062	5925.974933	67.55525606
1063	5933.961995	67.56442049
1064	5941.949057	67.57358491
1065	5949.936119	67.58274933
1066	5957.923181	67.59191375
1067	5965.910243	67.60107817
1068	5973.897305	67.61024259
1069	5981.884367	67.61940701
1070	5989.871429	67.62857143
1071	5997.858491	67.63773585
1072	6005.845553	67.64690027
1073	6013.832615	67.65606469
1074	6021.819677	67.66522911
1075	6029.806739	67.67439353
1076	6037.793801	67.68355795
1077	6045.780863	67.69272237
1078	6053.767925	67.70188679
1079	6061.754987	67.71105121
1080	6069.742049	67.72021563
1081	6077.729111	67.72938005
1082	6085.716173	67.73854447
1083	6093.703235	67.74770889
1084	6101.690296	67.75687332
1085	6109.677358	67.76603774
1086	6117.66442	67.77520216
1087	6125.651482	67.78436658
1088	6133.638544	67.793531
1089	6141.625606	67.80269542
1090	6149.612668	67.81185984
1091	6157.59973	67.82102426
1092	6165.586792	67.83018868
1093	6173.573854	67.8393531
1094	6181.560916	67.84851752
1095	6189.547978	67.85768194
1096	6197.53504	67.86684636
1097	6205.522102	67.87601078
1098	6213.509164	67.8851752
1099	6221.496226	67.89433962
1100	6229.483288	67.90350404
1101	6237.47035	67.91266846
1102	6245.457412	67.92183288
1103	6253.444474	67.9309973
1104	6261.431536	67.94016173
1105	6269.418598	67.94932615
1106	6277.40566	67.95849057
1107	6285.392722	67.96765499
1108	6293.379784	67.97681941
1109	6301.366846	67.98598383
1110	6309.353908	67.99514825
1111	6317.34097	68.00431267
1112	6325.328032	68.01347709
1113	6333.315094	68.02264151
1114	6341.302156	68.03180593
1115	6349.289218	68.04097035
1116	6357.27628	68.05013477
1117	6365.263342	68.05929919
1118	6373.250404	68.06846361
1119	6381.237466	68.07762803
1120	6389.224528	68.08679245
1121	6397.21159	68.09595687
1122	6405.198652	68.10512129
1123	6413.185714	68.11428571
1124	6421.172776	68.12345013
1125	6429.159838	68.13261456
1126	6437.1469	68.14177898
1127	6445.133962	68.1509434
1128	6453.121024	68.16010782
1129	6461.108086	68.16927224
1130	6469.095148	68.17843666
1131	6477.08221	68.18760108
1132	6485.069272	68.1967655
1133	6493.056334	68.20592992
1134	6501.043396	68.21509434
1135	6509.030458	68.22425876
1136	6517.01752	68.23342318
1137	6525.004582	68.2425876
1138	6532.991644	68.25175202
1139	6540.978706	68.26091644
1140	6548.965768	68.27008086
1141	6556.95283	68.27924528
1142	6564.939892	68.2884097
1143	6572.926954	68.29757412
1144	6580.914016	68.30673854
1145	6588.901078	68.31590296
1146	6596.88814	68.32506739
1147	6604.875202	68.33423181
1148	6612.862264	68.34339623
1149	6620.849326	68.35256065
1150	6628.836388	68.36172507
1151	6636.82345	68.37088949
1152	6644.810512	68.38005391
1153	6652.797574	68.38921833
1154	6660.784636	68.39838275
1155	6668.771698	68.40754717
1156	6676.75876	68.41671159
1157	6684.745822	68.42587601
1158	6692.732884	68.43504043
1159	6700.719946	68.44420485
1160	6708.707008	68.45336927
1161	6716.69407	68.46253369
1162	6724.681132	68.47169811
1163	6732.668194	68.48086253
1164	6740.655256	68.49002695
1165	6748.642318	68.49919137
1166	6756.62938	68.5083558
1167	6764.616442	68.51752022
1168	6772.603504	68.52668464
1169	6780.590566	68.53584906
1170	6788.577628	68.54501348
1171	6796.56469	68.5541779
1172	6804.551752	68.56334232
1173	6812.538814	68.57250674
1174	6820.525876	68.58167116
1175	6828.512938	68.59083558
1176	6836.5	68.6
1177	6844.517391	68.6173913
1178	6852.534783	68.63478261
1179	6860.552174	68.65217391
1180	6868.569565	68.66956522
1181	6876.586957	68.68695652
1182	6884.604348	68.70434783
1183	6892.621739	68.72173913
1184	6900.63913	68.73913043
1185	6908.656522	68.75652174
1186	6916.673913	68.77391304
1187	6924.691304	68.79130435
1188	6932.708696	68.80869565
1189	6940.726087	68.82608696
1190	6948.743478	68.84347826
1191	6956.76087	68.86086957
1192	6964.778261	68.87826087
1193	6972.795652	68.89565217
1194	6980.813043	68.91304348
1195	6988.830435	68.93043478
1196	6996.847826	68.94782609
1197	7004.865217	68.96521739
1198	7012.882609	68.9826087
1199	7020.9	69
1200	7026.3	73.6
1201	7026.312821	79.35641026
1202	7026.325641	85.11282051
1203	7026.338462	90.86923077
1204	7026.351282	96.62564103
1205	7026.364103	102.3820513
1206	7026.376923	108.1384615
1207	7026.389744	113.8948718
1208	7026.402564	119.6512821
1209	7026.415385	125.4076923
1210	7026.428205	131.1641026
1211	7026.441026	136.9205128
1212	7026.453846	142.6769231
1213	7026.466667	148.4333333
1214	7026.479487	154.1897436
1215	7026.492308	159.9461538
1216	7026.505128	165.7025641
1217	7026.517949	171.4589744
1218	7026.530769	177.2153846
1219	7026.54359	182.9717949
1220	7026.55641	188.7282051
1221	7026.569231	194.4846154
1222	7026.582051	200.2410256
1223	7026.594872	205.9974359
1224	7026.607692	211.7538462
1225	7026.620513	217.5102564
1226	7026.633333	223.2666667
1227	7026.646154	229.0230769
1228	7026.658974	234.7794872
1229	7026.671795	240.5358974
1230	7026.684615	246.2923077
1231	7026.697436	252.0487179
1232	7026.710256	257.8051282
1233	7026.723077	263.5615385
1234	7026.735897	269.3179487
1235	7026.748718	275.074359
1236	7026.761538	280.8307692
1237	7026.774359	286.5871795
1238	7026.787179	292.3435897
1239	7026.8	298.1
1240	7026.812821	303.8564103
1241	7026.825641	309.6128205
1242	7026.838462	315.3692308
1243	7026.851282	321.125641
1244	7026.864103	326.8820513
1245	7026.876923	332.6384615
1246	7026.889744	338.3948718
1247	7026.902564	344.1512821
1248	7026.915385	349.9076923
1249	7026.928205	355.6641026
1250	7026.941026	361.4205128
1251	7026.953846	367.1769231
1252	7026.966667	372.9333333
1253	7026.979487	378.6897436
1254	7026.992308	384.4461538
1255	7027.005128	390.2025641
1256	7027.017949	395.9589744
1257	7027.030769	401.7153846
1258	7027.04359	407.4717949
1259	7027.05641	413.2282051
1260	7027.069231	418.9846154
1261	7027.082051	424.7410256
1262	7027.094872	430.4974359
1263	7027.107692	436.2538462
1264	7027.120513	442.0102564
1265	7027.133333	447.7666667
1266	7027.146154	453.5230769
1267	7027.158974	459.2794872
1268	7027.171795	465.0358974
1269	7027.184615	470.7923077
1270	7027.197436	476.5487179
1271	7027.210256	482.3051282
1272	7027.223077	488.0615385
1273	7027.235897	493.8179487
1274	7027.248718	499.574359
1275	7027.261538	505.3307692
1276	7027.274359	511.0871795
1277	7027.287179	516.8435897
1278	7027.3	522.6
1279	7027.312821	528.3564103
1280	7027.325641	534.1128205
1281	7027.338462	539.8692308
1282	7027.351282	545.625641
1283	7027.364103	551.3820513
1284	7027.376923	557.1384615
1285	7027.389744	562.8948718
1286	7027.402564	568.6512821
1287	7027.415385	574.4076923
1288	7027.428205	580.1641026
1289	7027.441026	585.9205128
1290	7027.453846	591.6769231
1291	7027.466667	597.4333333
1292	7027.479487	603.1897436
1293	7027.492308	608.9461538
1294	7027.505128	614.7025641
1295	7027.517949	620.4589744
1296	7027.530769	626.2153846
1297	7027.54359	631.9717949
1298	7027.55641	637.7282051
1299	7027.569231	643.4846154
1300	7027.582051	649.2410256
1301	7027.594872	654.9974359
1302	7027.607692	660.7538462
1303	7027.620513	666.5102564
1304	7027.633333	672.2666667
1305	7027.646154	678.0230769
1306	7027.658974	683.7794872
1307	7027.671795	689.5358974
1308	7027.684615	695.2923077
1309	7027.697436	701.0487179
1310	7027.710256	706.8051282
1311	7027.723077	712.5615385
1312	7027.735897	718.3179487
1313	7027.748718	724.074359
1314	7027.761538	729.8307692
1315	7027.774359	735.5871795
1316	7027.787179	741.3435897
1317	7027.8	747.1
1318	7027.812821	752.8564103
1319	7027.825641	758.6128205
1320	7027.838462	764.3692308
1321	7027.851282	770.125641
1322	7027.864103	775.8820513
1323	7027.876923	781.6384615
1324	7027.889744	787.3948718
1325	7027.902564	793.1512821
1326	7027.915385	798.9076923
1327	7027.928205	804.6641026
1328	7027.941026	810.4205128
1329	7027.953846	816.1769231
1330	7027.966667	821.9333333
1331	7027.979487	827.6897436
1332	7027.992308	833.4461538
1333	7028.005128	839.2025641
1334	7028.017949	844.9589744
1335	7028.030769	850.7153846
1336	7028.04359	856.4717949
1337	7028.05641	862.2282051
1338	7028.069231	867.9846154
1339	7028.082051	873.7410256
1340	7028.094872	879.4974359
1341	7028.107692	885.2538462
1342	7028.120513	891.0102564
1343	7028.133333	896.7666667
1344	7028.146154	902.5230769
1345	7028.158974	908.2794872
1346	7028.171795	914.0358974
1347	7028.184615	919.7923077
1348	7028.197436	925.5487179
1349	7028.210256	931.3051282
1350	7028.223077	937.0615385
1351	7028.235897	942.8179487
1352	7028.248718	948.574359
1353	7028.261538	954.3307692
1354	7028.274359	960.0871795
1355	7028.287179	965.8435897
1356	7028.3	971.6
1357	7028.312821	977.3564103
1358	7028.325641	983.1128205
1359	7028.338462	988.8692308
1360	7028.351282	994.625641
1361	7028.364103	1000.382051
1362	7028.376923	1006.138462
1363	7028.389744	1011.894872
1364	7028.402564	1017.651282
1365	7028.415385	1023.407692
1366	7028.428205	1029.164103
1367	7028.441026	1034.920513
1368	7028.453846	1040.676923
1369	7028.466667	1046.433333
1370	7028.479487	1052.189744
1371	7028.492308	1057.946154
1372	7028.505128	1063.702564
1373	7028.517949	1069.458974
1374	7028.530769	1075.215385
1375	7028.54359	1080.971795
1376	7028.55641	1086.728205
1377	7028.569231	1092.484615
1378	7028.582051	1098.241026
1379	7028.594872	1103.997436
1380	7028.607692	1109.753846
1381	7028.620513	1115.510256
1382	7028.633333	1121.266667
1383	7028.646154	1127.023077
1384	7028.658974	1132.779487
1385	7028.671795	1138.535897
1386	7028.684615	1144.292308
1387	7028.697436	1150.048718
1388	7028.710256	1155.805128
1389	7028.723077	1161.561538
1390	7028.735897	1167.317949
1391	7028.748718	1173.074359
1392	7028.761538	1178.830769
1393	7028.774359	1184.587179
1394	7028.787179	1190.34359
1395	7028.8	1196.1
1396	7028.812821	1201.85641
1397	7028.825641	1207.612821
1398	7028.838462	1213.369231
1399	7028.851282	1219.125641
1400	7028.864103	1224.882051
1401	7028.876923	1230.638462
1402	7028.889744	1236.394872
1403	7028.902564	1242.151282
1404	7028.915385	1247.907692
1405	7028.928205	1253.664103
1406	7028.941026	1259.420513
1407	7028.953846	1265.176923
1408	7028.966667	1270.933333
1409	7028.979487	1276.689744
1410	7028.992308	1282.446154
1411	7029.005128	1288.202564
1412	7029.017949	1293.958974
1413	7029.030769	1299.715385
1414	7029.04359	1305.471795
1415	7029.05641	1311.228205
1416	7029.069231	1316.984615
1417	7029.082051	1322.741026
1418	7029.094872	1328.497436
1419	7029.107692	1334.253846
1420	7029.120513	1340.010256
1421	7029.133333	1345.766667
1422	7029.146154	1351.523077
1423	7029.158974	1357.279487
1424	7029.171795	1363.035897
1425	7029.184615	1368.792308
1426	7029.197436	1374.548718
1427	7029.210256	1380.305128
1428	7029.223077	1386.061538
1429	7029.235897	1391.817949
1430	7029.248718	1397.574359
1431	7029.261538	1403.330769
1432	7029.274359	1409.087179
1433	7029.287179	1414.84359
1434	7029.3	1420.6
1435	7029.312821	1426.35641
1436	7029.325641	1432.112821
1437	7029.338462	1437.869231
1438	7029.351282	1443.625641
1439	7029.364103	1449.382051
1440	7029.376923	1455.138462
1441	7029.389744	1460.894872
1442	7029.402564	1466.651282
1443	7029.415385	1472.407692
1444	7029.428205	1478.164103
1445	7029.441026	1483.920513
1446	7029.453846	1489.676923
1447	7029.466667	1495.433333
1448	7029.479487	1501.189744
1449	7029.492308	1506.946154
1450	7029.505128	1512.702564
1451	7029.517949	1518.458974
1452	7029.530769	1524.215385
1453	7029.54359	1529.971795
1454	7029.55641	1535.728205
1455	7029.569231	1541.484615
1456	7029.582051	1547.241026
1457	7029.594872	1552.997436
1458	7029.607692	1558.753846
1459	7029.620513	1564.510256
1460	7029.633333	1570.266667
1461	7029.646154	1576.023077
1462	7029.658974	1581.779487
1463	7029.671795	1587.535897
1464	7029.684615	1593.292308
1465	7029.697436	1599.048718
1466	7029.710256	1604.805128
1467	7029.723077	1610.561538
1468	7029.735897	1616.317949
1469	7029.748718	1622.074359
1470	7029.761538	1627.830769
1471	7029.774359	1633.587179
1472	7029.787179	1639.34359
1473	7029.8	1645.1
1474	7029.812821	1650.85641
1475	7029.825641	1656.612821
1476	7029.838462	1662.369231
1477	7029.851282	1668.125641
1478	7029.864103	1673.882051
1479	7029.876923	1679.638462
1480	7029.889744	1685.394872
1481	7029.902564	1691.151282
1482	7029.915385	1696.907692
1483	7029.928205	1702.664103
1484	7029.941026	1708.420513
1485	7029.953846	1714.176923
1486	7029.966667	1719.933333
1487	7029.979487	1725.689744
1488	7029.992308	1731.446154
1489	7030.005128	1737.202564
1490	7030.017949	1742.958974
1491	7030.030769	1748.715385
1492	7030.04359	1754.471795
1493	7030.05641	1760.228205
1494	7030.069231	1765.984615
1495	7030.082051	1771.741026
1496	7030.094872	1777.497436
1497	7030.107692	1783.253846
1498	7030.120513	1789.010256
1499	7030.133333	1794.766667
1500	7030.146154	1800.523077
1501	7030.158974	1806.279487
1502	7030.171795	1812.035897
1503	7030.184615	1817.792308
1504	7030.197436	1823.548718
1505	7030.210256	1829.305128
1506	7030.223077	1835.061538
1507	7030.235897	1840.817949
1508	7030.248718	1846.574359
1509	7030.261538	1852.330769
1510	7030.274359	1858.087179
1511	7030.287179	1863.84359
1512	7030.3	1869.6
1513	7030.312821	1875.35641
1514	7030.325641	1881.112821
1515	7030.338462	1886.869231
1516	7030.351282	1892.625641
1517	7030.364103	1898.382051
1518	7030.376923	1904.138462
1519	7030.389744	1909.894872
1520	7030.402564	1915.651282
1521	7030.415385	1921.407692
1522	7030.428205	1927.164103
1523	7030.441026	1932.920513
1524	7030.453846	1938.676923
1525	7030.466667	1944.433333
1526	7030.479487	1950.189744
1527	7030.492308	1955.946154
1528	7030.505128	1961.702564
1529	7030.517949	1967.458974
1530	7030.530769	1973.215385
1531	7030.54359	1978.971795
1532	7030.55641	1984.728205
1533	7030.569231	1990.484615
1534	7030.582051	1996.241026
1535	7030.594872	2001.997436
1536	7030.607692	2007.753846
1537	7030.620513	2013.510256
1538	7030.633333	2019.266667
1539	7030.646154	2025.023077
1540	7030.658974	2030.779487
1541	7030.671795	2036.535897
1542	7030.684615	2042.292308
1543	7030.697436	2048.048718
1544	7030.710256	2053.805128
1545	7030.723077	2059.561538
1546	7030.735897	2065.317949
1547	7030.748718	2071.074359
1548	7030.761538	2076.830769
1549	7030.774359	2082.587179
1550	7030.787179	2088.34359
1551	7030.8	2094.1
1552	7030.812821	2099.85641
1553	7030.825641	2105.612821
1554	7030.838462	2111.369231
1555	7030.851282	2117.125641
1556	7030.864103	2122.882051
1557	7030.876923	2128.638462
1558	7030.889744	2134.394872
1559	7030.902564	2140.151282
1560	7030.915385	2145.907692
1561	7030.928205	2151.664103
1562	7030.941026	2157.420513
1563	7030.953846	2163.176923
1564	7030.966667	2168.933333
1565	7030.979487	2174.689744
1566	7030.992308	2180.446154
1567	7031.005128	2186.202564
1568	7031.017949	2191.958974
1569	7031.030769	2197.715385
1570	7031.04359	2203.471795
1571	7031.05641	2209.228205
1572	7031.069231	2214.984615
1573	7031.082051	2220.741026
1574	7031.094872	2226.497436
1575	7031.107692	2232.253846
1576	7031.120513	2238.010256
1577	7031.133333	2243.766667
1578	7031.146154	2249.523077
1579	7031.158974	2255.279487
1580	7031.171795	2261.035897
1581	7031.184615	2266.792308
1582	7031.197436	2272.548718
1583	7031.210256	2278.305128
1584	7031.223077	2284.061538
1585	7031.235897	2289.817949
1586	7031.248718	2295.574359
1587	7031.261538	2301.330769
1588	7031.274359	2307.087179
1589	7031.287179	2312.84359
1590	7031.3	2318.6
1591	7031.312821	2324.35641
1592	7031.325641	2330.112821
1593	7031.338462	2335.869231
1594	7031.351282	2341.625641
1595	7031.364103	2347.382051
1596	7031.376923	2353.138462
1597	7031.389744	2358.894872
1598	7031.402564	2364.651282
1599	7031.415385	2370.407692
1600	7015.95	2316.691667
1601	7007.966667	2316.822222
1602	6999.983333	2316.952778
1603	6992	2317.083333
1604	6984.016667	2317.213889
1605	6976.033333	2317.344444
1606	6968.05	2317.475
1607	6960.066667	2317.605556
1608	6952.083333	2317.736111
1609	6944.1	2317.866667
1610	6936.116667	2317.997222
1611	6928.133333	2318.127778
1612	6920.15	2318.258333
1613	6912.166667	2318.388889
1614	6904.183333	2318.519444
1615	6896.2	2318.65
1616	6888.216667	2318.780556
1617	6880.233333	2318.911111
1618	6872.25	2319.041667
1619	6864.266667	2319.172222
1620	6856.283333	2319.302778
1621	6848.3	2319.433333
1622	6840.316667	2319.563889
1623	6832.333333	2319.694444
1624	6824.35	2319.825
1625	6816.366667	2319.955556
1626	6808.383333	2320.086111
1627	6800.4	2320.216667
1628	6792.416667	2320.347222
1629	6784.433333	2320.477778
1630	6776.45	2320.608333
1631	6768.466667	2320.738889
1632	6760.483333	2320.869444
1633	6752.5	2321
1634	6744.516667	2321.130556
1635	6736.533333	2321.261111
1636	6728.55	2321.391667
1637	6720.566667	2321.522222
1638	6712.583333	2321.652778
1639	6704.6	2321.783333
1640	6696.616667	2321.913889
1641	6688.633333	2322.044444
1642	6680.65	2322.175
1643	6672.666667	2322.305556
1644	6664.683333	2322.436111
1645	6656.7	2322.566667
1646	6648.716667	2322.697222
1647	6640.733333	2322.827778
1648	6632.75	2322.958333
1649	6624.766667	2323.088889
1650	6616.783333	2323.219444
1651	6608.8	2323.35
1652	6600.816667	2323.480556
1653	6592.833333	2323.611111
1654	6584.85	2323.741667
1655	6576.866667	2323.872222
1656	6568.883333	2324.002778
1657	6560.9	2324.133333
1658	6552.916667	2324.263889
1659	6544.933333	2324.394444
1660	6536.95	2324.525
1661	6528.966667	2324.655556
1662	6520.983333	2324.786111
1663	6513	2324.916667
1664	6505.016667	2325.047222
1665	6497.033333	2325.177778
1666	6489.05	2325.308333
1667	6481.066667	2325.438889
1668	6473.083333	2325.569444
1669	6465.1	2325.7
1670	6457.116667	2325.830556
1671	6449.133333	2325.961111
1672	6441.15	2326.091667
1673	6433.166667	2326.222222
1674	6425.183333	2326.352778
1675	6417.2	2326.483333
1676	6409.216667	2326.613889
1677	6401.233333	2326.744444
1678	6393.25	2326.875
1679	6385.266667	2327.005556
1680	6377.283333	2327.136111
1681	6369.3	2327.266667
1682	6361.316667	2327.397222
1683	6353.333333	2327.527778
1684	6345.35	2327.658333
1685	6337.366667	2327.788889
1686	6329.383333	2327.919444
1687	6321.4	2328.05
1688	6313.416667	2328.180556
1689	6305.433333	2328.311111
1690	6297.45	2328.441667
1691	6289.466667	2328.572222
1692	6281.483333	2328.702778
1693	6273.5	2328.833333
1694	6265.516667	2328.963889
1695	6257.533333	2329.094444
1696	6249.55	2329.225
1697	6241.566667	2329.355556
1698	6233.583333	2329.486111
1699	6225.6	2329.616667
1700	6217.616667	2329.747222
1701	6209.633333	2329.877778
1702	6201.65	2330.008333
1703	6193.666667	2330.138889
1704	6185.683333	2330.269444
1705	6177.7	2330.4
1706	6169.716667	2330.530556
1707	6161.733333	2330.661111
1708	6153.75	2330.791667
1709	6145.766667	2330.922222
1710	6137.783333	2331.052778
1711	6129.8	2331.183333
1712	6121.816667	2331.313889
1713	6113.833333	2331.444444
1714	6105.85	2331.575
1715	6097.866667	2331.705556
1716	6089.883333	2331.836111
1717	6081.9	2331.966667
1718	6073.916667	2332.097222
1719	6065.933333	2332.227778
1720	6057.95	2332.358333
1721	6049.966667	2332.488889
1722	6041.983333	2332.619444
1723	6034	2332.75
1724	6026.016667	2332.880556
1725	6018.033333	2333.011111
1726	6010.05	2333.141667
1727	6002.066667	2333.272222
1728	5994.083333	2333.402778
1729	5986.1	2333.533333
1730	5978.116667	2333.663889
1731	5970.133333	2333.794444
1732	5962.15	2333.925
1733	5954.166667	2334.055556
1734	5946.183333	2334.186111
1735	5938.2	2334.316667
1736	5930.216667	2334.447222
1737	5922.233333	2334.577778
1738	5914.25	2334.708333
1739	5906.266667	2334.838889
1740	5898.283333	2334.969444
1741	5890.3	2335.1
1742	5882.316667	2335.230556
1743	5874.333333	2335.361111
1744	5866.35	2335.491667
1745	5858.366667	2335.622222
1746	5850.383333	2335.752778
1747	5842.4	2335.883333
1748	5834.416667	2336.013889
1749	5826.433333	2336.144444
1750	5818.45	2336.275
1751	5810.466667	2336.405556
1752	5802.483333	2336.536111
1753	5794.5	2336.666667
1754	5786.516667	2336.797222
1755	5778.533333	2336.927778
1756	5770.55	2337.058333
1757	5762.566667	2337.188889
1758	5754.583333	2337.319444
1759	5746.6	2337.45
1760	5738.616667	2337.580556
1761	5730.633333	2337.711111
1762	5722.65	2337.841667
1763	5714.666667	2337.972222
1764	5706.683333	2338.102778
1765	5698.7	2338.233333
1766	5690.716667	2338.363889
1767	5682.733333	2338.494444
1768	5674.75	2338.625
1769	5666.766667	2338.755556
1770	5658.783333	2338.886111
1771	5650.8	2339.016667
1772	5642.816667	2339.147222
1773	5634.833333	2339.277778
1774	5626.85	2339.408333
1775	5618.866667	2339.538889
1776	5610.883333	2339.669444
1777	5602.9	2339.8
1778	5594.916667	2339.930556
1779	5586.933333	2340.061111
1780	5578.95	2340.191667
1781	5570.966667	2340.322222
1782	5562.983333	2340.452778
1783	5555	2340.583333
1784	5547.016667	2340.713889
1785	5539.033333	2340.844444
1786	5531.05	2340.975
1787	5523.066667	2341.105556
1788	5515.083333	2341.236111
1789	5507.1	2341.366667
1790	5499.116667	2341.497222
1791	5491.133333	2341.627778
1792	5483.15	2341.758333
1793	5475.166667	2341.888889
1794	5467.183333	2342.019444
1795	5459.2	2342.15
1796	5451.216667	2342.280556
1797	5443.233333	2342.411111
1798	5435.25	2342.541667
1799	5427.266667	2342.672222
1800	5419.283333	2342.802778
1801	5411.3	2342.933333
1802	5403.316667	2343.063889
1803	5395.333333	2343.194444
1804	5387.35	2343.325
1805	5379.366667	2343.455556
1806	5371.383333	2343.586111
1807	5363.4	2343.716667
1808	5355.416667	2343.847222
1809	5347.433333	2343.977778
1810	5339.45	2344.108333
1811	5331.466667	2344.238889
1812	5323.483333	2344.369444
1813	5315.5	2344.5
1814	5307.516667	2344.630556
1815	5299.533333	2344.761111
1816	5291.55	2344.891667
1817	5283.566667	2345.022222
1818	5275.583333	2345.152778
1819	5267.6	2345.283333
1820	5259.616667	2345.413889
1821	5251.633333	2345.544444
1822	5243.65	2345.675
1823	5235.666667	2345.805556
1824	5227.683333	2345.936111
1825	5219.7	2346.066667
1826	5211.716667	2346.197222
1827	5203.733333	2346.327778
1828	5195.75	2346.458333
1829	5187.766667	2346.588889
1830	5179.783333	2346.719444
1831	5171.8	2346.85
1832	5163.816667	2346.980556
1833	5155.833333	2347.111111
1834	5147.85	2347.241667
1835	5139.866667	2347.372222
1836	5131.883333	2347.502778
1837	5123.9	2347.633333
1838	5115.916667	2347.763889
1839	5107.933333	2347.894444
1840	5099.95	2348.025
1841	5091.966667	2348.155556
1842	5083.983333	2348.286111
1843	5076	2348.416667
1844	5068.016667	2348.547222
1845	5060.033333	2348.677778
1846	5052.05	2348.808333
1847	5044.066667	2348.938889
1848	5036.083333	2349.069444
1849	5028.1	2349.2
1850	5020.116667	2349.330556
1851	5012.133333	2349.461111
1852	5004.15	2349.591667
1853	4996.166667	2349.722222
1854	4988.183333	2349.852778
1855	4980.2	2349.983333
1856	4972.216667	2350.113889
1857	4964.233333	2350.244444
1858	4956.25	2350.375
1859	4948.266667	2350.505556
1860	4940.283333	2350.636111
1861	4932.3	2350.766667
1862	4924.316667	2350.897222
1863	4916.333333	2351.027778
1864	4908.35	2351.158333
1865	4900.366667	2351.288889
1866	4892.383333	2351.419444
1867	4884.4	2351.55
1868	4876.416667	2351.680556
1869	4868.433333	2351.811111
1870	4860.45	2351.941667
1871	4852.466667	2352.072222
1872	4844.483333	2352.202778
1873	4836.5	2352.333333
1874	4828.516667	2352.463889
1875	4820.533333	2352.594444
1876	4812.55	2352.725
1877	4804.566667	2352.855556
1878	4796.583333	2352.986111
1879	4788.6	2353.116667
1880	4780.616667	2353.247222
1881	4772.633333	2353.377778
1882	4764.65	2353.508333
1883	4756.666667	2353.638889
1884	4748.683333	2353.769444
1885	4740.7	2353.9
1886	4732.716667	2354.030556
1887	4724.733333	2354.161111
1888	4716.75	2354.291667
1889	4708.766667	2354.422222
1890	4700.783333	2354.552778
1891	4692.8	2354.683333
1892	4684.816667	2354.813889
1893	4676.833333	2354.944444
1894	4668.85	2355.075
1895	4660.866667	2355.205556
1896	4652.883333	2355.336111
1897	4644.9	2355.466667
1898	4636.916667	2355.597222
1899	4628.933333	2355.727778
1900	4620.95	2355.858333
1901	4612.966667	2355.988889
1902	4604.983333	2356.119444
1903	4597	2356.25
1904	4589.016667	2356.380556
1905	4581.033333	2356.511111
1906	4573.05	2356.641667
1907	4565.066667	2356.772222
1908	4557.083333	2356.902778
1909	4549.1	2357.033333
1910	4541.116667	2357.163889
1911	4533.133333	2357.294444
1912	4525.15	2357.425
1913	4517.166667	2357.555556
1914	4509.183333	2357.686111
1915	4501.2	2357.816667
1916	4493.216667	2357.947222
1917	4485.233333	2358.077778
1918	4477.25	2358.208333
1919	4469.266667	2358.338889
1920	4461.283333	2358.469444
1921	4453.3	2358.6
1922	4445.316667	2358.730556
1923	4437.333333	2358.861111
1924	4429.35	2358.991667
1925	4421.366667	2359.122222
1926	4413.383333	2359.252778
1927	4405.4	2359.383333
1928	4397.416667	2359.513889
1929	4389.433333	2359.644444
1930	4381.45	2359.775
1931	4373.466667	2359.905556
1932	4365.483333	2360.036111
1933	4357.5	2360.166667
1934	4349.516667	2360.297222
1935	4341.533333	2360.427778
1936	4333.55	2360.558333
1937	4325.566667	2360.688889
1938	4317.583333	2360.819444
1939	4309.6	2360.95
1940	4301.616667	2361.080556
1941	4293.633333	2361.211111
1942	4285.65	2361.341667
1943	4277.666667	2361.472222
1944	4269.683333	2361.602778
1945	4261.7	2361.733333
1946	4253.716667	2361.863889
1947	4245.733333	2361.994444
1948	4237.75	2362.125
1949	4229.766667	2362.255556
1950	4221.783333	2362.386111
1951	4213.8	2362.516667
1952	4205.816667	2362.647222
1953	4197.833333	2362.777778
1954	4189.85	2362.908333
1955	4181.866667	2363.038889
1956	4173.883333	2363.169444
1957	4165.9	2363.3
1958	4157.916667	2363.430556
1959	4149.933333	2363.561111
1960	4141.95	2363.691667
1961	4133.966667	2363.822222
1962	4125.983333	2363.952778
1963	4118	2364.083333
1964	4110.016667	2364.213889
1965	4102.033333	2364.344444
1966	4094.05	2364.475
1967	4086.066667	2364.605556
1968	4078.083333	2364.736111
1969	4070.1	2364.866667
1970	4062.116667	2364.997222
1971	4054.133333	2365.127778
1972	4046.15	2365.258333
1973	4038.166667	2365.388889
1974	4030.183333	2365.519444
1975	4022.2	2365.65
1976	4014.216667	2365.780556
1977	4006.233333	2365.911111
1978	3998.25	2366.041667
1979	3990.266667	2366.172222
1980	3982.283333	2366.302778
1981	3974.3	2366.433333
1982	3966.316667	2366.563889
1983	3958.333333	2366.694444
1984	3950.35	2366.825
1985	3942.366667	2366.955556
1986	3934.383333	2367.086111
1987	3926.4	2367.216667
1988	3918.416667	2367.347222
1989	3910.433333	2367.477778
1990	3902.45	2367.608333
1991	3894.466667	2367.738889
1992	3886.483333	2367.869444
1993	3878.5	2368
1994	3871.1	2368.1
1995	3863.1	2368.1
1996	3855.1	2368.1
1997	3847.1	2368.1
1998	3839.1	2368.1
1999	3830.9	2367.6
2000	3822.9	2367.6
2001	3814.9	2367.6
2002	3806.9	2367.6
2003	3798.9	2367.6
2004	3790.9	2367.6
2005	3782.9	2367.6
2006	3774.9	2367.6
2007	3766.9	2367.6
2008	3758.9	2367.6
2009	3750.9	2367.6
2010	3742.9	2367.6
2011	3734.9	2367.6
2012	3726.9	2367.6
2013	3718.9	2367.6
2014	3710.9	2367.6
2015	3702.9	2367.6
2016	3694.9	2367.6
2017	3686.9	2367.6
2018	3678.9	2367.6
2019	3670.9	2367.6
2020	3662.9	2367.6
2021	3654.9	2367.6
2022	3646.9	2367.6
2023	3638.9	2367.6
2024	3630.9	2367.6
2025	3622.9	2367.6
2026	3614.9	2367.6
2027	3606.9	2367.6
2028	3598.9	2367.6
2029	3590.9	2367.6
2030	3582.9	2367.6
2031	3574.894444	2367.586111
2032	3566.888889	2367.572222
2033	3558.883333	2367.558333
2034	3550.877778	2367.544444
2035	3542.872222	2367.530556
2036	3534.866667	2367.516667
2037	3526.861111	2367.502778
2038	3518.855556	2367.488889
2039	3510.85	2367.475
2040	3502.844444	2367.461111
2041	3494.838889	2367.447222
2042	3486.833333	2367.433333
2043	3478.827778	2367.419444
2044	3470.822222	2367.405556
2045	3462.816667	2367.391667
2046	3454.811111	2367.377778
2047	3446.805556	2367.363889
2048	3438.8	2367.35
2049	3430.794444	2367.336111
2050	3422.788889	2367.322222
2051	3414.783333	2367.308333
2052	3406.777778	2367.294444
2053	3398.772222	2367.280556
2054	3390.766667	2367.266667
2055	3382.761111	2367.252778
2056	3374.755556	2367.238889
2057	3366.75	2367.225
2058	3358.744444	2367.211111
2059	3350.738889	2367.197222
2060	3342.733333	2367.183333
2061	3334.727778	2367.169444
2062	3326.722222	2367.155556
2063	3318.716667	2367.141667
2064	3310.711111	2367.127778
2065	3302.705556	2367.113889
2066	3294.7	2367.1
2067	3286.694444	2367.086111
2068	3278.688889	2367.072222
2069	3270.683333	2367.058333
2070	3262.677778	2367.044444
2071	3254.672222	2367.030556
2072	3246.666667	2367.016667
2073	3238.661111	2367.002778
2074	3230.655556	2366.988889
2075	3222.65	2366.975
2076	3214.644444	2366.961111
2077	3206.638889	2366.947222
2078	3198.633333	2366.933333
2079	3190.627778	2366.919444
2080	3182.622222	2366.905556
2081	3174.616667	2366.891667
2082	3166.611111	2366.877778
2083	3158.605556	2366.863889
2084	3150.6	2366.85
2085	3142.594444	2366.836111
2086	3134.588889	2366.822222
2087	3126.583333	2366.808333
2088	3118.577778	2366.794444
2089	3110.572222	2366.780556
2090	3102.566667	2366.766667
2091	3094.561111	2366.752778
2092	3086.555556	2366.738889
2093	3078.55	2366.725
2094	3070.544444	2366.711111
2095	3062.538889	2366.697222
2096	3054.533333	2366.683333
2097	3046.527778	2366.669444
2098	3038.522222	2366.655556
2099	3030.516667	2366.641667
2100	3022.511111	2366.627778
2101	3014.505556	2366.613889
2102	3006.5	2366.6
2103	2998.494444	2366.586111
2104	2990.488889	2366.572222
2105	2982.483333	2366.558333
2106	2974.477778	2366.544444
2107	2966.472222	2366.530556
2108	2958.466667	2366.516667
2109	2950.461111	2366.502778
2110	2942.455556	2366.488889
2111	2934.45	2366.475
2112	2926.444444	2366.461111
2113	2918.438889	2366.447222
2114	2910.433333	2366.433333
2115	2902.427778	2366.419444
2116	2894.422222	2366.405556
2117	2886.416667	2366.391667
2118	2878.411111	2366.377778
2119	2870.405556	2366.363889
2120	2862.4	2366.35
2121	2854.394444	2366.336111
2122	2846.388889	2366.322222
2123	2838.383333	2366.308333
2124	2830.377778	2366.294444
2125	2822.372222	2366.280556
2126	2814.366667	2366.266667
2127	2806.361111	2366.252778
2128	2798.355556	2366.238889
2129	2790.35	2366.225
2130	2782.344444	2366.211111
2131	2774.338889	2366.197222
2132	2766.333333	2366.183333
2133	2758.327778	2366.169444
2134	2750.322222	2366.155556
2135	2742.316667	2366.141667
2136	2734.311111	2366.127778
2137	2726.305556	2366.113889
2138	2718.3	2366.1
2139	2710.294444	2366.086111
2140	2702.288889	2366.072222
2141	2694.283333	2366.058333
2142	2686.277778	2366.044444
2143	2678.272222	2366.030556
2144	2670.266667	2366.016667
2145	2662.261111	2366.002778
2146	2654.255556	2365.988889
2147	2646.25	2365.975
2148	2638.244444	2365.961111
2149	2630.238889	2365.947222
2150	2622.233333	2365.933333
2151	2614.227778	2365.919444
2152	2606.222222	2365.905556
2153	2598.216667	2365.891667
2154	2590.211111	2365.877778
2155	2582.205556	2365.863889
2156	2574.2	2365.85
2157	2566.194444	2365.836111
2158	2558.188889	2365.822222
2159	2550.183333	2365.808333
2160	2542.177778	2365.794444
2161	2534.172222	2365.780556
2162	2526.166667	2365.766667
2163	2518.161111	2365.752778
2164	2510.155556	2365.738889
2165	2502.15	2365.725
2166	2494.144444	2365.711111
2167	2486.138889	2365.697222
2168	2478.133333	2365.683333
2169	2470.127778	2365.669444
2170	2462.122222	2365.655556
2171	2454.116667	2365.641667
2172	2446.111111	2365.627778
2173	2438.105556	2365.613889
2174	2430.1	2365.6
2175	2422.094444	2365.586111
2176	2414.088889	2365.572222
2177	2406.083333	2365.558333
2178	2398.077778	2365.544444
2179	2390.072222	2365.530556
2180	2382.066667	2365.516667
2181	2374.061111	2365.502778
2182	2366.055556	2365.488889
2183	2358.05	2365.475
2184	2350.044444	2365.461111
2185	2342.038889	2365.447222
2186	2334.033333	2365.433333
2187	2326.027778	2365.419444
2188	2318.022222	2365.405556
2189	2310.016667	2365.391667
2190	2302.011111	2365.377778
2191	2294.005556	2365.363889
2192	2286	2365.35
2193	2277.994444	2365.336111
2194	2269.988889	2365.322222
2195	2261.983333	2365.308333
2196	2253.977778	2365.294444
2197	2245.972222	2365.280556
2198	2237.966667	2365.266667
2199	2229.961111	2365.252778
2200	2221.955556	2365.238889
2201	2213.95	2365.225
2202	2205.944444	2365.211111
2203	2197.938889	2365.197222
2204	2189.933333	2365.183333
2205	2181.927778	2365.169444
2206	2173.922222	2365.155556
2207	2165.916667	2365.141667
2208	2157.911111	2365.127778
2209	2149.905556	2365.113889
2210	2141.9	2365.1
2211	2133.894444	2365.086111
2212	2125.888889	2365.072222
2213	2117.883333	2365.058333
2214	2109.877778	2365.044444
2215	2101.872222	2365.030556
2216	2093.866667	2365.016667
2217	2085.861111	2365.002778
2218	2077.855556	2364.988889
2219	2069.85	2364.975
2220	2061.844444	2364.961111
2221	2053.838889	2364.947222
2222	2045.833333	2364.933333
2223	2037.827778	2364.919444
2224	2029.822222	2364.905556
2225	2021.816667	2364.891667
2226	2013.811111	2364.877778
2227	2005.805556	2364.863889
2228	1997.8	2364.85
2229	1989.794444	2364.836111
2230	1981.788889	2364.822222
2231	1973.783333	2364.808333
2232	1965.777778	2364.794444
2233	1957.772222	2364.780556
2234	1949.766667	2364.766667
2235	1941.761111	2364.752778
2236	1933.755556	2364.738889
2237	1925.75	2364.725
2238	1917.744444	2364.711111
2239	1909.738889	2364.697222
2240	1901.733333	2364.683333
2241	1893.727778	2364.669444
2242	1885.722222	2364.655556
2243	1877.716667	2364.641667
2244	1869.711111	2364.627778
2245	1861.705556	2364.613889
2246	1853.7	2364.6
2247	1845.694444	2364.586111
2248	1837.688889	2364.572222
2249	1829.683333	2364.558333
2250	1821.677778	2364.544444
2251	1813.672222	2364.530556
2252	1805.666667	2364.516667
2253	1797.661111	2364.502778
2254	1789.655556	2364.488889
2255	1781.65	2364.475
2256	1773.644444	2364.461111
2257	1765.638889	2364.447222
2258	1757.633333	2364.433333
2259	1749.627778	2364.419444
2260	1741.622222	2364.405556
2261	1733.616667	2364.391667
2262	1725.611111	2364.377778
2263	1717.605556	2364.363889
2264	1709.6	2364.35
2265	1701.594444	2364.336111
2266	1693.588889	2364.322222
2267	1685.583333	2364.308333
2268	1677.577778	2364.294444
2269	1669.572222	2364.280556
2270	1661.566667	2364.266667
2271	1653.561111	2364.252778
2272	1645.555556	2364.238889
2273	1637.55	2364.225
2274	1629.544444	2364.211111
2275	1621.538889	2364.197222
2276	1613.533333	2364.183333
2277	1605.527778	2364.169444
2278	1597.522222	2364.155556
2279	1589.516667	2364.141667
2280	1581.511111	2364.127778
2281	1573.505556	2364.113889
2282	1565.5	2364.1
2283	1557.494444	2364.086111
2284	1549.488889	2364.072222
2285	1541.483333	2364.058333
2286	1533.477778	2364.044444
2287	1525.472222	2364.030556
2288	1517.466667	2364.016667
2289	1509.461111	2364.002778
2290	1501.455556	2363.988889
2291	1493.45	2363.975
2292	1485.444444	2363.961111
2293	1477.438889	2363.947222
2294	1469.433333	2363.933333
2295	1461.427778	2363.919444
2296	1453.422222	2363.905556
2297	1445.416667	2363.891667
2298	1437.411111	2363.877778
2299	1429.405556	2363.863889
2300	1421.4	2363.85
2301	1413.394444	2363.836111
2302	1405.388889	2363.822222
2303	1397.383333	2363.808333
2304	1389.377778	2363.794444
2305	1381.372222	2363.780556
2306	1373.366667	2363.766667
2307	1365.361111	2363.752778
2308	1357.355556	2363.738889
2309	1349.35	2363.725
2310	1341.344444	2363.711111
2311	1333.338889	2363.697222
2312	1325.333333	2363.683333
2313	1317.327778	2363.669444
2314	1309.322222	2363.655556
2315	1301.316667	2363.641667
2316	1293.311111	2363.627778
2317	1285.305556	2363.613889
2318	1277.3	2363.6
2319	1269.294444	2363.586111
2320	1261.288889	2363.572222
2321	1253.283333	2363.558333
2322	1245.277778	2363.544444
2323	1237.272222	2363.530556
2324	1229.266667	2363.516667
2325	1221.261111	2363.502778
2326	1213.255556	2363.488889
2327	1205.25	2363.475
2328	1197.244444	2363.461111
2329	1189.238889	2363.447222
2330	1181.233333	2363.433333
2331	1173.227778	2363.419444
2332	1165.222222	2363.405556
2333	1157.216667	2363.391667
2334	1149.211111	2363.377778
2335	1141.205556	2363.363889
2336	1133.2	2363.35
2337	1125.194444	2363.336111
2338	1117.188889	2363.322222
2339	1109.183333	2363.308333
2340	1101.177778	2363.294444
2341	1093.172222	2363.280556
2342	1085.166667	2363.266667
2343	1077.161111	2363.252778
2344	1069.155556	2363.238889
2345	1061.15	2363.225
2346	1053.144444	2363.211111
2347	1045.138889	2363.197222
2348	1037.133333	2363.183333
2349	1029.127778	2363.169444
2350	1021.122222	2363.155556
2351	1013.116667	2363.141667
2352	1005.111111	2363.127778
2353	997.1055556	2363.113889
2354	989.1	2363.1
2355	981.0944444	2363.086111
2356	973.0888889	2363.072222
2357	965.0833333	2363.058333
2358	957.0777778	2363.044444
2359	949.0722222	2363.030556
2360	941.0666667	2363.016667
2361	933.0611111	2363.002778
2362	925.0555556	2362.988889
2363	917.05	2362.975
2364	909.0444444	2362.961111
2365	901.0388889	2362.947222
2366	893.0333333	2362.933333
2367	885.0277778	2362.919444
2368	877.0222222	2362.905556
2369	869.0166667	2362.891667
2370	861.0111111	2362.877778
2371	853.0055556	2362.863889
2372	845	2362.85
2373	836.9944444	2362.836111
2374	828.9888889	2362.822222
2375	820.9833333	2362.808333
2376	812.9777778	2362.794444
2377	804.9722222	2362.780556
2378	796.9666667	2362.766667
2379	788.9611111	2362.752778
2380	780.9555556	2362.738889
2381	772.95	2362.725
2382	764.9444444	2362.711111
2383	756.9388889	2362.697222
2384	748.9333333	2362.683333
2385	740.9277778	2362.669444
2386	732.9222222	2362.655556
2387	724.9166667	2362.641667
2388	716.9111111	2362.627778
2389	708.9055556	2362.613889
2390	700.9	2362.6
2391	692.8944444	2362.586111
2392	684.8888889	2362.572222
2393	676.8833333	2362.558333
2394	668.8777778	2362.544444
2395	660.8722222	2362.530556
2396	652.8666667	2362.516667
2397	644.8611111	2362.502778
2398	636.8555556	2362.488889
2399	628.85	2362.475
